施設名,所在地,緯度,経度,電話番号,URL
長房,東京都八王子市長房町341,35.656121,139.297399,042-663-6487,
元八王子（第1第2クラブ）,東京都八王子市弐分方町761,35.669719,139.292013,042-625-6493,
中野,東京都八王子市中野山王3-6-27,35.674575,139.325307,042-624-9561,
北野（第1第2クラブ）,東京都八王子市打越町348-1,35.645793,139.35629699999998,042-645-8588,
川口（第1第2クラブ）,東京都八王子市川口町3974,35.692682,139.282172,042-654-4758,
由木（第1第2クラブ）,東京都八王子市越野692-1,35.62936699999999,139.384379,042-676-8733,
浅川（第1第2クラブ）,東京都八王子市初沢町1323,35.639243,139.28184,042-665-2539,
由井（第1第2クラブ）,東京都八王子市小比企町1201,35.642337,139.327783,042-635-4762,
横山（第1第2クラブ）,東京都八王子市長房町450,35.652769,139.29801899999998,042-661-1299,
上壱分方（第1第2クラブ）,東京都八王子市上壱分方町799-2,35.684822,139.283955,042-652-1891,
寺町（第1第2クラブ）,東京都八王子市寺町29-15,35.655327,139.332232,042-628-5345,
寺田（第1クラブ）,東京都八王子市寺田町432-102,35.622562,139.306264,042-665-7187,
寺田（第2クラブ）,東京都八王子市寺田町405-5,35.62254799999999,139.309986,042-666-6620,
台町（第1第2クラブ）,東京都八王子市台町4-2-1,35.656985,139.324022,042-627-7246,
秋葉台（第1クラブ）,東京都八王子市別所2-12-4,35.62311300000001,139.401747,042-677-8358,
秋葉台（第2クラブ）,東京都八王子市別所2-5,35.624666,139.406619,042-676-1990,
宮上,東京都八王子市南大沢5-20-11,35.609464,139.367576,042-677-4200,
鹿島,東京都八王子市鹿島2,35.633018,139.426711,042-675-0158,
松が谷,東京都八王子市松が谷13,35.629348,139.41393200000002,042-675-0161,
館ヶ丘,東京都八王子市館町1097-57,35.62827,139.287671,042-665-5239,
別所,東京都八王子市別所2-42-7,35.615738,139.394707,042-677-7755,
南大沢（第1第2クラブ）,東京都八王子市南大沢3-8-1,35.607778,139.379528,042-674-0109,
石川（第1第2クラブ）,東京都八王子市石川町1920,35.671723,139.358624,042-648-3366,
清水小（第1第2クラブ）,東京都八王子市中野山王3-25-1,35.676105,139.31946299999998,042-626-4591,
美山小,東京都八王子市美山町1892,35.690933,139.248317,042-652-0297,
南大沢西,東京都八王子市南大沢4-18,35.60823900000001,139.374464,042-679-4312,
千人町（第1第2クラブ）,東京都八王子市千人町3-7-7,35.658743,139.308348,042-662-5673,
久保山（第1第2クラブ）,東京都八王子市久保山町1-20-6,35.685972,139.360243,042-692-2019,
久保山（第3クラブ）,東京都八王子市久保山町2-18,35.686699,139.354188,042-692-5058,
片倉台,東京都八王子市片倉町1318,35.631311,139.346115,042-637-9220,
まつぎ（第1第2クラブ）,東京都八王子市別所1-29-2,35.621149,139.396106,042-676-7241,
下柚木（第1第2クラブ）,東京都八王子市下柚木3-4-1,35.621235,139.379788,042-677-3553,
長池（第1クラブ）,東京都八王子市別所1-45-3,35.61120800000001,139.386438,042-670-3631,
長池（第2クラブ）,東京都八王子市別所1-55,35.610761,139.388441,042-679-4664,
みなみ野（第1クラブ）,東京都八王子市みなみ野1-9-3,35.632163,139.324836,042-635-0014,
みなみ野（第2クラブ）,東京都八王子市みなみ野1-1-1,35.631322,139.33096899999998,042-635-3321,
第十小（第1第2クラブ）,東京都八王子市大和田町7-5-1,35.666201,139.343628,042-644-8744,
元八王子東小（第1第2クラブ）,東京都八王子市叶谷町1521,35.671283,139.304343,042-627-1245,
加住小,東京都八王子市加住町1-170-2,35.70045800000001,139.316116,042-692-0150,
高嶺小（第1第2クラブ）,東京都八王子市北野台4-21-1,35.62840100000001,139.350737,042-637-4146,
七国小（第1第2クラブ）,東京都八王子市七国6-42-1,35.62005999999999,139.321857,042-637-5441,
八木町（第1第2クラブ）,東京都八王子市八木町7-1,35.661662,139.321919,042-626-5234,
由井かたくら,東京都八王子市西片倉1-14-1,35.636571,139.337257,042-636-7784,
第九小（第1第2クラブ）,東京都八王子市中野上町2-14-1,35.670864,139.325107,042-623-4230,
上柚木小,東京都八王子市上柚木3-15,35.615972,139.36891200000002,042-677-6675,
長沼（第1第2クラブ）,東京都八王子市長沼町707-3,35.642471,139.36546,042-636-2479,
中山小,東京都八王子市中山1155,35.62567,139.35844,042-635-4051,
城山（第1クラブ）,東京都八王子市元八王子町2-3351-15,35.662925,139.277923,042-663-6094,
城山（第2クラブ）,東京都八王子市元八王子町2-1767,35.659114,139.277682,042-664-3988,
恩方西（第1第2クラブ）,東京都八王子市下恩方町1369,35.670201,139.25493,042-651-1154,
小宮小（第1第2クラブ）,東京都八王子市小宮町1128-3,35.68370200000001,139.367681,042-645-3223,
楢原小,東京都八王子市楢原町1287-2,35.67557100000001,139.307395,042-626-1788,
弐分方小（第1第2クラブ）,東京都八王子市弐分方町520-1,35.67175200000001,139.288488,042-626-6760,
高倉小,東京都八王子市高倉町67-2,35.662352,139.365746,042-642-8163,
東浅川小,東京都八王子市東浅川町550-22,35.643412,139.28676399999998,042-662-2929,
由木東小（第1第2クラブ）,東京都八王子市東中野1347,35.63344,139.407941,042-677-5086,
子安（第1クラブ）,東京都八王子市子安町1-37-1,35.651381,139.34502,042-648-5643,
子安（第2クラブ）,東京都八王子市子安町2-19-1,35.65015,139.342623,042-644-9939,
椚田小（第1第2クラブ）,東京都八王子市椚田町571-2,35.636654,139.30226000000002,042-666-9649,
椚田小（第3クラブ）,東京都八王子市椚田町554-11,35.636915,139.306318,042-664-2512,
みなみ野君田小（第1第2クラブ）,東京都八王子市みなみ野4-3-1,35.627836,139.325109,042-635-4343,
由木西小,東京都八王子市上柚木538-1,35.623137,139.361401,042-679-0901,
上川口小,東京都八王子市上川町1099,35.705542,139.250072,042-654-0045,
横川（第1第2クラブ）,東京都八王子市横川町296-11,35.668419,139.30674,042-622-6200,
からまつ,東京都八王子市川口町1557-2,35.686642,139.29788200000002,042-654-3908,
第四小（第1第2クラブ）,東京都八王子市明神町2-15-1,35.657994,139.345998,042-646-9990,
山田小（第1第2クラブ）,東京都八王子市山田町1553,35.6468,139.313606,042-662-8281,
散田小（第1第2クラブ）,東京都八王子市散田町5-23-1,35.647766,139.301574,042-668-4004,
恩方東,東京都八王子市下恩方町754-1,35.679692,139.263216,042-651-8079,
あたご,東京都八王子市上柚木3-5-10,35.616149,139.372361,042-677-6427,
鑓水小（第1クラブ）,東京都八王子市鑓水2-74,35.612686,139.363626,042-677-7688,
鑓水小（第2クラブ）,東京都八王子市鑓水2-73,35.614713,139.36470400000002,042-674-5921,
つくみ（第1第2クラブ）,東京都八王子市犬目町44-1,35.688142,139.30654199999998,042-621-1020,
つくみ（第3クラブ）,東京都八王子市楢原町980-33,35.68254,139.311897,042-621-1020,
船田小（第1第2クラブ）,東京都八王子市長房町1041-2,35.656976,139.288597,042-663-6829,
大和田小（第1第2クラブ）,東京都八王子市大和田町4-19-1,35.665591,139.354319,042-645-0526,
第一小,東京都八王子市元横山町2-5-1,35.661693,139.339123,042-646-1141,
横山第一小（第1第2クラブ）,東京都八王子市館町74,35.633921,139.304541,042-663-9687,
芝保育園,東京都港区芝五丁目18番1-101号,35.6484,139.747716,03-3455-4669,
神明保育園,東京都港区浜松町一丁目6番7号,35.658802,139.757421,03-5733-6822,
芝公園保育園,東京都港区芝公園二丁目7番3号,35.654291,139.75053300000002,03-3438-0435,
アスク芝公園保育園,東京都港区芝二丁目12番16号,35.651603,139.752593,03-5439-9398,
太陽の子三田保育園,東京都港区三田一丁目2番18号　TTD PLAZAビル2階,35.655004,139.740635,03-5439-6390,
グロ-バルキッズ虎ノ門保育園,東京都港区虎ノ門三丁目19番13号　虎ノ門スピリットビル3階,35.663090999999994,139.74683000000002,03-6453-9325,
あい保育園赤羽橋,東京都港区三田一丁目3番31号　Forecast三田 2階,35.654526000000004,139.74357,03-5473-7668,
南麻布保育園,東京都港区南麻布四丁目2番29-101号,35.647872,139.72406999999998,03-3442-8068,
本村保育園,東京都港区南麻布丁目四丁目6番7号,35.651113,139.727587,03-3444-2385,
西麻布保育園,東京都港区西麻布二丁目13番3号,35.660833000000004,139.722718,03-3409-4924,
麻布保育園,東京都港区六本木五丁目16番46号,35.660657,139.73509099999998,03-5545-7135,
飯倉保育園,東京都港区東麻布一丁目21番2号,35.655912,139.74353200000002,03-3583-1786,
まなびの森保育園麻布,東京都港区南麻布一丁目8番11号　東町小学校内,35.650887,139.73583200000002,03-3455-3066,
あい保育園南麻布,東京都港区南麻布二丁目11番10号　OJビル3階,35.647686,139.735729,03-6453-7970,
太陽の子南麻布保育園,東京都港区南麻布四丁目11番30号　南麻布渋谷ビル　2階,35.646992,139.727149,03-5488-8070,
あい保育園元麻布,東京都港区元麻布三丁目2番19号　MOMON六本木ビル 2階,35.657381,139.727326,03-6447-1871,
まちの保育園六本木,東京都港区六本木一丁目9番10号　アークヒルズ仙石山森タワー,35.663588,139.74181299999998,03-6441-2478,
まちの保育園六本木分園,東京都港区六本木一丁目9番10号　アークヒルズ仙石山森タワー,35.663636,139.74188,03-6450-1726,
赤坂保育園,東京都港区赤坂五丁目5番26-101号,35.671125,139.734061,03-3583-2156,
南青山保育園,東京都港区南青山一丁目3番15号,35.671188,139.725527,03-3401-1650,
青山保育園,東京都港区北青山三丁目4番14-101号,35.668127,139.71402,03-3401-1723,
赤坂ちとせ保育園,東京都港区赤坂四丁目7番15号　陽栄光和ビル1階,35.675503000000006,139.734069,03-6459-1012,
太陽の子赤坂保育園,東京都港区赤坂八丁目12番16号　NOZYAKASAKA1階、2階、3階,35.669165,139.729383,03-6434-9431,
あい保育園青山一丁目,東京都港区南青山一丁目3番1号　パークアクシス青山一丁目タワー2階,35.671673999999996,139.72559099999998,03-6459-2860,
太陽の子南青山保育園,東京都港区南青山四丁目1番6号　セブン南青山1階、2階,35.667301,139.719068,03-5413-5512,
小学館アカデミ-南青山保育園,東京都港区南青山四丁目15番8号　南青山246ビル,35.66495,139.718306,03-5770-1512,
伊皿子坂保育園,東京都港区三田四丁目19番30号,35.640411,139.738726,03-3444-7601,
高輪保育園,東京都港区高輪三丁目18番15号,35.633207,139.735724,03-3449-1641,
白金保育園,東京都港区白金三丁目10番12号,35.644936,139.731076,03-3441-5076,
太陽の子三田五丁目保育園,東京都港区三田五丁目4番3号　三田プラザビル3階,35.647706,139.738902,03-5439-6775,
みなと保育園,東京都港区高輪一丁目6番9号,35.642365999999996,139.73533500000002,03-3443-3406,
愛星保育園,東京都港区高輪一丁目27番40号,35.636759999999995,139.731967,03-3441-5410,
ゆらりん高輪保育園,東京都港区高輪一丁目5番38号　HUG高輪1階、2階,35.641758,139.736717,03-5422-6170,
高輪夢保育園,東京都港区高輪三丁目25番33号　長田ビル3階,35.631944,139.737918,03-5791-9680,
ゆらりん白金保育園,東京都港区白金一丁目26番10号　白金K-FLAT 1階、2階の一部,35.643907,139.733517,03-6409-6310,
みつばち保育園,東京都港区白金四丁目7番2号,35.642807,139.727554,03-3444-8767,
ニチイキッズ白金台保育園,東京都港区白金台二丁目26番10号　グリーンオーク高輪台　2階,35.631759,139.729917,03-5791-2161,
しばうら保育園,東京都港区芝浦三丁目1番16号,35.645136,139.750214,03-5232-1130,
こうなん保育園,東京都港区港南四丁目2番3-101号,35.629827,139.747918,03-3450-3800,
台場保育園,東京都港区台場一丁目5番1号,35.630085,139.77706799999999,03-5781-0255,
たかはま保育園,東京都港区港南四丁目3番7号,35.631151,139.74997199999999,03-5500-2360,
太陽の子シ-バンス保育園,東京都港区芝浦一丁目2番2号　シーバンスアモール3階,35.649696,139.756524,03-5439-4014,
太陽の子芝浦一丁目保育園,東京都港区芝浦一丁目9番7号　芝浦おもだかビル2階、3階,35.648178,139.75354099999998,03-5439-5251,
アンジェリカ田町保育園,東京都港区芝浦一丁目6番41号　グローバルフロントタワー1階,35.647586,139.75497,03-6435-2157,
にじのいるか保育園芝浦,東京都港区芝浦二丁目3番31号　高取ビル 2階,35.644138,139.75454299999998,03-6435-3804,
太陽の子芝浦二丁目保育園,東京都港区芝浦二丁目17番9号　大友ビル1階,35.644917,139.752268,03-5418-7767,
太陽の子芝浦三丁目保育園,東京都港区芝浦三丁目20番2号　山楽ビル2階3階,35.642236,139.746501,03-5439-6206,
アスク芝浦4丁目保育園,東京都港区芝浦四丁目12番28号,35.639594,139.749084,03-6435-2855,
ゆらりん港南保育園,東京都港区港南一丁目6番27号　SSJ品川ビル2F,35.62962,139.745437,03-6712-1188,
グロ-バルキッズ港南保育園,東京都港区港南四丁目1番8号　リバージュ品川2階,35.629616999999996,139.746672,03-3450-6130,
ベネッセ港南保育園,東京都港区港南四丁目6番7号,35.627761,139.75072600000001,03-5783-5871,
芝浦アイランドこども園,東京都港区芝浦四丁目20番1号,35.640426,139.752365,03-5443-7337,
こいくえん赤坂,東京都港区赤坂四丁目14番14号,35.6734406,139.7313922,03-6277-8555,
港南あおぞら保育園,東京都港区港南三丁目8番1号　森永乳業港南ビル1階,35.6320239,139.75008359999998,03-6712-1988,
芝五丁目保育室,東京都港区芝五丁目36番4号（2015年11月1日開設）,35.644993,139.745252,03-6435-2088,
浜松町二丁目保育室,東京都港区浜松町二丁目3番20号,35.654962,139.755449,03-6435-9507,
愛宕保育室,東京都港区愛宕一丁目7番5号,35.66452,139.749401,03-3433-2671,
南麻布三丁目保育室,東京都港区南麻布三丁目5番15号,35.651044,139.730423,03-3443-5711,
東麻布保育室,東京都港区東麻布二丁目1番1号,35.658203,139.742559,03-3584-3811,
青南保育室,東京都港区南青山四丁目19番18号,35.663959999999996,139.716584,03-5770-3933,
第二青南保育室,東京都港区南青山四丁目19番5号,35.664202,139.71678799999998,03-5770-5366,
桂坂保育室,東京都港区高輪三丁目19番36号,35.633431,139.73720500000002,03-5475-6646,
志田町保育室,東京都港区白金一丁目11番16号,35.645795,139.73367,03-6277-2582,
たまち保育室,東京都港区芝浦三丁目4番1号　グランパークプラザ棟,35.643735,139.745528,03-5484-6088,
芝浦橋保育室,東京都港区芝浦四丁目6番8号　田町ファーストビル2階,35.638959,139.74483,03-6865-1004,
港南四丁目保育室,東京都港区港南四丁目2番4号,35.630213,139.747604,03-5796-8863,
みなと保育サポート白金,東京都港区白金三丁目10番12号,35.644894,139.731074,03-5423-4909,
みなと保育サポート港南四丁目,東京都港区港南 四丁目2番4号都営住宅1F ,35.630196000000005,139.747592,03-5796-8861,
みなと保育サポート東麻布,東京都港区東麻布二丁目1番1号4階,35.65821,139.742614,03-5544-8461,
子育てひろば あっぴぃ西麻布,東京都港区西麻布二丁目13番3号西麻布いきいきプラザ3階,35.660764,139.722809,03-5467-7175,
子育てひろば あっぴぃ港南四丁目,東京都港区港南四丁目2番4号（都営住宅内）,35.630213,139.747604,03-5796-8862,
子育てひろば　あっぴぃ麻布,東京都港区六本木五丁目12番24号港区立麻布図書館1階,35.657508,139.73581000000001,03-5114-9900,
子育てひろば あっぴぃ新橋,東京都新橋六丁目4番2号きらきらプラザ新橋3階,35.662317,139.754025,03-5425-7525,
子育てひろば　あい・ぽーと,東京都港区南青山二丁目25番1号,35.669903000000005,139.718451,03-5786-3250,
みなと子育て応援プラザPokke,東京都港区芝五丁目18番1-102号,35.648185999999995,139.74774,03-6435-0411,
子育てひろば　あっぴぃ台場,東京都港区台場一丁目7番1号メディアージュ4F,35.628336,139.77438,03-5520-9061,
子育てひろば　あっぴぃ港南,東京都港区港南二丁目3番13号品川フロントビルキッズ館3階,35.629186,139.74322,03-6712-0688,
子ども家庭支援センター（みなとキッズサポートセンター）,東京都港区三田一丁目4番10号,35.654293,139.74255300000002,03-6400-0090,
子育てひろば　あっぴぃ芝浦,東京都港区芝浦三丁目1番16号,35.645216,139.750407,03-5730-3252,
ナオミ保育園分園 りんごの木,野毛1-25-2,35.60451628478153,139.6419951180151,,http://www.city.setagaya.lg.jp/shisetsu/1203/1239/d00033410.html
奥沢西保育園,奥沢8-4-14,35.602982230821205,139.65799719716338,,http://www.city.setagaya.lg.jp/shisetsu/1203/1238/d00126128.html
尾山台保育園,尾山台1-1-6,35.59684028758967,139.65497907768543,,http://www.city.setagaya.lg.jp/shisetsu/1203/1239/d00012869.html
ナオミ保育園分園 ぶどうの木,奥沢6-19-1,35.60324483629808,139.66523149731614,,http://www.city.setagaya.lg.jp/shisetsu/1203/1239/d00025982.html
おひさま保育園,尾山台3-33-2,35.60634834667093,139.6551670285973,,http://www.city.setagaya.lg.jp/shisetsu/1203/1240/d00011807.html
YMCAチャイルドケアセンター,奥沢5-41-7,35.60590112786307,139.66640495438872,,http://www.city.setagaya.lg.jp/shisetsu/1203/1240/d00011808.html
コンビプラザ等々力保育園,等々力2-32-16,35.60807345470583,139.6480829769468,,http://www.city.setagaya.lg.jp/shisetsu/1203/1241/d00011877.html
グリーンヒル奥沢保育園分園グリーンバレー等々力保育園,等々力2-33-14,35.60776000991533,139.6480019106433,,http://www.city.setagaya.lg.jp/shisetsu/1203/1239/d00125110.html
ベビールーム等々力,等々力１－１９－９,35.60335785856632,139.64771969082895,,http://www.city.setagaya.lg.jp/shisetsu/1203/1241/d00131244.html
奥沢保育園,奥沢2-3-11,35.60524534472857,139.67568779467317,,http://www.city.setagaya.lg.jp/shisetsu/1203/1238/d00011750.html
南奥沢保育園,奥沢1-2-13,35.59944510266593,139.68014113866636,,http://www.city.setagaya.lg.jp/shisetsu/1203/1238/d00011749.html
グリーンヒル奥沢保育園,奥沢1-48-13,35.60388215870129,139.67830824882384,,http://www.city.setagaya.lg.jp/shisetsu/1203/1239/d00031241.html
マミーズエンジェル奥沢保育園,奥沢3-44-2,35.603445622529094,139.6746405980515,,http://www.city.setagaya.lg.jp/shisetsu/1203/1241/d00011876.html
小梅保育園,喜多見2-10-41,35.62416968428444,139.59506525107244,,http://www.city.setagaya.lg.jp/shisetsu/1203/1238/d00011772.html
宇奈根なごやか園,宇奈根2-7-16,35.621084274497946,139.60097642531255,,http://www.city.setagaya.lg.jp/shisetsu/1203/1239/d00012864.html
喜多見こどもの家,喜多見3-14-6,35.62431507391247,139.5993873800111,,http://www.city.setagaya.lg.jp/shisetsu/1203/1241/d00011887.html
喜多見バオバブ保育園,喜多見1-4-7,35.62231039217169,139.59835968999766,,http://www.city.setagaya.lg.jp/shisetsu/1203/1239/d00036836.html
喜多見野の花保育園,喜多見3-21-22,35.62723760627165,139.5998031449612,,http://www.city.setagaya.lg.jp/shisetsu/1203/1239/d00133747.html
青い空保育園,岡本2-5-11,35.620264304160784,139.62060133634654,,http://www.city.setagaya.lg.jp/shisetsu/1203/1239/d00011776.html
砧南らる保育園,鎌田3-13-20,35.621964661381604,139.6132721845663,,http://www.city.setagaya.lg.jp/shisetsu/1203/1241/d00011886.html
パパルキッズルーム,玉川3-43-1,35.61496263287609,139.62186538801132,,http://www.city.setagaya.lg.jp/shisetsu/1203/1241/d00011881.html
岡本こもれび保育園,岡本3-20-10,35.62746633993255,139.61497123106562,,http://www.city.setagaya.lg.jp/shisetsu/1203/1239/d00131887.html
世田谷おとぎの森保育園,岡本2-22-11,35.62217300078786,139.61858420269363,,http://www.city.setagaya.lg.jp/shisetsu/1203/1239/d00134581.html
たまがわみんなの家,玉川3-39-22,35.617779622053476,139.62068618280216,,http://www.city.setagaya.lg.jp/shisetsu/1203/1239/d00133752.html
玉川保育園,玉川4-16-6,35.61777090515316,139.6240474713343,,http://www.city.setagaya.lg.jp/shisetsu/1203/1238/d00136798.html
用賀保育園分園,用賀2-28-20,35.62465344910536,139.63726731972946,,http://www.city.setagaya.lg.jp/shisetsu/1203/1238/d00031752.html
用賀なのはな保育園,用賀1-2-2,35.6233101229611,139.64271474941154,,http://www.city.setagaya.lg.jp/shisetsu/1203/1239/d00011766.html
さくらの木保育園,玉川台2-18-18,35.62489672447083,139.6305115809638,,http://www.city.setagaya.lg.jp/shisetsu/1203/1239/d00033357.html
身延山保育園,瀬田4-12-4,35.61937334381341,139.62595694559192,,http://www.city.setagaya.lg.jp/shisetsu/1203/1239/d00011761.html
身延山保育園分園 さくら青空保育園,瀬田2-17-1,35.61862282309983,139.63383871728794,,http://www.city.setagaya.lg.jp/shisetsu/1203/1239/d00011763.html
わかな保育園,瀬田1-7-7,35.61473109441963,139.63128323457335,,http://www.city.setagaya.lg.jp/shisetsu/1203/1239/d00011764.html
グローバルキッズ上野毛園,上野毛1-26-6,35.612292030206525,139.63855165432017,,http://www.city.setagaya.lg.jp/shisetsu/1203/1241/d00033096.html
ナーサリールームベリーベアー用賀,用賀2-27-1,35.62461344306283,139.63833188889245,,http://www.city.setagaya.lg.jp/shisetsu/1203/1241/d00017424.html
ピノキオ幼児舎上野毛園,上野毛1-9-14,35.61082922148769,139.6393598742213,,http://www.city.setagaya.lg.jp/shisetsu/1203/1241/d00011878.html
ポピンズナーサリースクール二子玉川,玉川3-17-1,35.614148745677554,139.62673131578916,,http://www.city.setagaya.lg.jp/shisetsu/1203/1241/d00011880.html
用賀プチ・クレイシュ,用賀4-3-11,35.627262855132365,139.6345753939173,,http://www.city.setagaya.lg.jp/shisetsu/1203/1241/d00011879.html
山口小児科内科病児保育室シェ・モア,中町4-35-6,35.61686908555153,139.64064280197948,, 
グローバルキッズ用賀園,瀬田4-28-12,35.621974811526215,139.62912190055852,,http://www.city.setagaya.lg.jp/shisetsu/1203/1241/d00038986.html
はじまり はじまりえんniko,玉川1-15-6,35.60987236484164,139.63224173286523,,http://www.city.setagaya.lg.jp/shisetsu/1203/1241/d00030031.html
ニコこどもクリニック病児保育室ニコのおうち,玉川1-15-6,35.60991723100384,139.6321202034206,, 
玉川赤ちゃんの家保育園,玉川3-27-1,35.614133489658634,139.62431403345175,,http://www.city.setagaya.lg.jp/shisetsu/1203/1240/d00011805.html
用賀保育園,用賀2-29-22,35.62565556541785,139.6367472034956,,http://www.city.setagaya.lg.jp/shisetsu/1203/1238/d00011757.html
中町保育園,中町3-27-2,35.61544051232749,139.64258384877743,,http://www.city.setagaya.lg.jp/shisetsu/1203/1238/d00137426.html
グリーンフィールド上野毛保育園,上野毛1-9-7,35.61030323502058,139.63928476111514,,http://www.city.setagaya.lg.jp/shisetsu/1203/1239/d00138961.html
小学館アカデミーふたこたまがわ保育園,玉川３－３４－２,35.61588749534506,139.6236975926105,,http://www.city.setagaya.lg.jp/shisetsu/1203/1241/d00124615.html
わらべうた桜新町第2保育園,桜新町１－３２－１,35.627417718658826,139.64461265866336,,http://www.city.setagaya.lg.jp/shisetsu/1203/1241/d00139782.html
新町保育園,駒沢4-3-1,35.62681101992617,139.65358439749323,,http://www.city.setagaya.lg.jp/shisetsu/1203/1238/d00139354.html
深沢保育園,深沢5-16-17,35.6204575512517,139.65058287919902,,http://www.city.setagaya.lg.jp/shisetsu/1203/1238/d00139750.html
等々力保育園,等々力5-22-22,35.609073352779866,139.65839330043065,,http://www.city.setagaya.lg.jp/shisetsu/1203/1239/d00011752.html
等々力保育園分園 このは,等々力6-4-2,35.61028490776313,139.66203816350742,,http://www.city.setagaya.lg.jp/shisetsu/1203/1239/d00029714.html
用賀なのはな保育園深沢分園,新町1-3-31,35.62675242707242,139.65255811732496,,http://www.city.setagaya.lg.jp/shisetsu/1203/1239/d00011767.html
いずみ保育園,深沢1-14-23,35.61765198342619,139.6607760434683,,http://www.city.setagaya.lg.jp/shisetsu/1203/1239/d00033355.html
にじいろ保育園,等々力4-19-18,35.61055869937276,139.65244488027494,,http://www.city.setagaya.lg.jp/shisetsu/1203/1240/d00011806.html
ナオミ保育園病後児保育室バンビ,等々力4-13-10,35.60908791218116,139.6532247013404,, 
わらべうた等々力保育園,等々力3-27-15,35.61024205340113,139.6507179295421,,http://www.city.setagaya.lg.jp/shisetsu/1203/1241/d00038992.html
ナオミ保育園,等々力4-13-10,35.609087730642,139.65310328578488,,http://www.city.setagaya.lg.jp/shisetsu/1203/1239/d00011760.html
めぐみ保育園,深沢3-13-8,35.61605729890664,139.6578065062605,,http://www.city.setagaya.lg.jp/shisetsu/1203/1239/d00011765.html
駒沢どろんこ保育園,深沢2-19-14　,35.62307123041765,139.66012862285854,,http://www.city.setagaya.lg.jp/shisetsu/1203/1239/d00138959.html
喜多見保育園,成城3-18-20,35.63435687594555,139.5972669044313,,http://www.city.setagaya.lg.jp/shisetsu/1203/1238/d00011773.html
小田急ムック成城園,成城6-5-34,35.64017699630707,139.59880296692495,,http://www.city.setagaya.lg.jp/shisetsu/1203/1241/d00011883.html
世田谷喜多見雲母保育園,喜多見9-1-2,35.63729841381744,139.58863304727944,,http://www.city.setagaya.lg.jp/shisetsu/1203/1241/d00022280.html
大蔵保育園,砧4-5-12,35.64085906912091,139.61229329304288,,http://www.city.setagaya.lg.jp/shisetsu/1203/1238/d00011775.html
南大蔵保育園,大蔵1-7-11,35.63374288230902,139.61912806455817,,http://www.city.setagaya.lg.jp/shisetsu/1203/1238/d00011774.html
大蔵ふたば保育園,大蔵3-2-39,35.63294168975965,139.60953207673106,,http://www.city.setagaya.lg.jp/shisetsu/1203/1239/d00011778.html
すこやか園分園 クジラ,砧2-14-12,35.64424157375051,139.61711192953106,,http://www.city.setagaya.lg.jp/shisetsu/1203/1239/d00015565.html
高木保育園,砧6-26-22,35.641485165939315,139.60970580300017,,http://www.city.setagaya.lg.jp/shisetsu/1203/1240/d00011810.html
小田急ムック祖師谷園,祖師谷1-5-20,35.643757027010125,139.61138136688638,,http://www.city.setagaya.lg.jp/shisetsu/1203/1241/d00011882.html
世田谷祖師ヶ谷大蔵雲母保育園,砧8-6-25,35.64100793706055,139.60808757419548,,http://www.city.setagaya.lg.jp/shisetsu/1203/1241/d00011885.html
病児・病後児保育室かんがるーむ,大蔵2-10-18,35.634629449006,139.61316338777428,, 
成育しせい保育園,大蔵2-10-18,35.63462926128753,139.6130607040451,,http://www.city.setagaya.lg.jp/shisetsu/1203/1239/d00019553.html
すこやか園分園 キリン,桜丘5-19-16,35.64602502659851,139.62126466040064,,http://www.city.setagaya.lg.jp/shisetsu/1203/1239/d00033409.html
ココファン・ナーサリー砧,砧5-20-14,35.639760026667005,139.60980490822328,,http://www.city.setagaya.lg.jp/shisetsu/1203/1239/d00138954.html
生活クラブ保育園ぽむ・砧,砧4-38-4　,35.644016908902884,139.6147414658935,,http://www.city.setagaya.lg.jp/shisetsu/1203/1239/d00138999.html
ちきゅうのこどもほいくえん成城,大蔵5-7-29,35.629604231747564,139.60908551164815,,http://www.city.setagaya.lg.jp/shisetsu/1203/1239/d00140718.html
チャイルドスクエアそしがや,祖師谷3-36-2,35.64508419146946,139.6084064226048,,http://www.city.setagaya.lg.jp/shisetsu/1203/1241/d00131247.html
桜ヶ丘保育園,桜丘4-19-33,35.64282437155277,139.62200467988242,,http://www.city.setagaya.lg.jp/shisetsu/1203/1239/d00011732.html
上用賀保育園,上用賀4-2-10,35.63487924631473,139.63042486436348,,http://www.city.setagaya.lg.jp/shisetsu/1203/1238/d00011755.html
桜保育園,桜2-18-3,35.64290409805209,139.6354565032582,,http://www.city.setagaya.lg.jp/shisetsu/1203/1238/d00120854.html
弦巻保育園,弦巻3-15-5,35.63686225300137,139.64500937776162,,http://www.city.setagaya.lg.jp/shisetsu/1203/1238/d00011721.html
西弦巻保育園,弦巻5-13-5,35.63822553368204,139.64036353676494,,http://www.city.setagaya.lg.jp/shisetsu/1203/1238/d00011722.html
ふじみ保育園,上用賀5-19-6,35.631771883955366,139.62784593854022,,http://www.city.setagaya.lg.jp/shisetsu/1203/1238/d00011756.html
南桜丘保育園,桜丘3-10-18,35.64265437686545,139.62794782841135,,http://www.city.setagaya.lg.jp/shisetsu/1203/1238/d00132582.html
青い空保育園分園 森の家,上用賀5-15-1,35.63066543921777,139.62779080607345,,http://www.city.setagaya.lg.jp/shisetsu/1203/1239/d00033432.html
さくらしんまち保育園,桜新町2-29-3,35.632209020246776,139.6389607764521,,http://www.city.setagaya.lg.jp/shisetsu/1203/1239/d00014406.html
さくらしんまち保育園分園 ぴっころ保育園,桜新町2-13-17,35.63373388454168,139.64291402995892,,http://www.city.setagaya.lg.jp/shisetsu/1203/1239/d00033468.html
さくらのその保育園,桜丘2-1-8,35.643151810035896,139.62888030861748,,http://www.city.setagaya.lg.jp/shisetsu/1203/1239/d00033454.html
ねいろ保育園,弦巻4-7-15,35.635370337047355,139.64228917877796,,http://www.city.setagaya.lg.jp/shisetsu/1203/1241/d00022614.html
ポピンズナーサリースクール桜新町,桜新町2-8-1,35.63195856489848,139.6451148386423,,http://www.city.setagaya.lg.jp/shisetsu/1203/1241/d00027934.html
マミーナ桜新町,弦巻3-13-10,35.63599892660579,139.64484445536468,,http://www.city.setagaya.lg.jp/shisetsu/1203/1241/d00011870.html
ベビールーム桜新町,桜新町2-9-6,35.632057513872525,139.64406505208723,,http://www.city.setagaya.lg.jp/shisetsu/1203/1241/d00038985.html
桜すくすく保育園,桜3-19-13,35.64061924908302,139.63433727284607,,http://www.city.setagaya.lg.jp/shisetsu/1203/1239/d00138953.html
いいほいくえん 用賀,用賀３－１２－１９,35.628648206989816,139.63723007561552,,http://www.city.setagaya.lg.jp/shisetsu/1203/1241/d00138067.html
わらべうた桜新町保育園,桜新町１－１－６,35.62777840535437,139.64556459595622,,http://www.city.setagaya.lg.jp/shisetsu/1203/1241/d00125733.html
上馬保育園,上馬5-29-13,35.6407520157066,139.65781601177437,,http://www.city.setagaya.lg.jp/shisetsu/1203/1238/d00011727.html
駒沢保育園,野沢4-22-2,35.63366861138017,139.6653228387223,,http://www.city.setagaya.lg.jp/shisetsu/1203/1238/d00011726.html
東弦巻保育園,弦巻2-29-17,35.6356147637602,139.6515328383212,,http://www.city.setagaya.lg.jp/shisetsu/1203/1238/d00011720.html
クラルテ保育園,世田谷1-22-2,35.642690949811296,139.64817216830258,,http://www.city.setagaya.lg.jp/shisetsu/1203/1240/d00011795.html
バンビ保育室,世田谷1-32-14,35.64124284303876,139.64990958147234,,http://www.city.setagaya.lg.jp/shisetsu/1203/1240/d00011796.html
グローバルキッズ松陰神社駅前保育園,若林3-17-11,35.64361789677735,139.65551156635772,,http://www.city.setagaya.lg.jp/shisetsu/1203/1241/d00011865.html
駒沢プチ・クレイシュ,上馬4-2-5,35.63475980232525,139.6631915629745,,http://www.city.setagaya.lg.jp/shisetsu/1203/1241/d00011872.html
フロンティアキッズ上馬,上馬2-29-16,35.63991399695722,139.66578523820684,,http://www.city.setagaya.lg.jp/shisetsu/1203/1241/d00033095.html
フロンティアキッズ上町,世田谷1-30-9,35.64143405092467,139.6483351806955,,http://www.city.setagaya.lg.jp/shisetsu/1203/1241/d00015811.html
日生上馬保育園ひびき,上馬4-31-9,35.63830455201261,139.66015096906364,,http://www.city.setagaya.lg.jp/shisetsu/1203/1241/d00038988.html
さくらキッズ,新町3-21-3,35.631985579613406,139.64666183466795,,http://www.city.setagaya.lg.jp/shisetsu/1203/1240/d00011809.html
駒沢こだま保育園,駒沢2-46-9,35.63657486290186,139.6567727707906,,http://www.city.setagaya.lg.jp/shisetsu/1203/1239/d00138960.html
蓮美幼児学園世田谷第２ナーサリー,若林３－２１－３,35.644180311167425,139.65633829734494,,http://www.city.setagaya.lg.jp/shisetsu/1203/1241/d00124613.html
ベビールーム三軒茶屋,三軒茶屋２－３９－７,35.64073272791682,139.66379571826954,,http://www.city.setagaya.lg.jp/shisetsu/1203/1241/d00124608.html
カシュカシュこまざわ,駒沢２－１１－５,35.63217097049098,139.65897839768078,,http://www.city.setagaya.lg.jp/shisetsu/1203/1241/d00124618.html
オリービア保育園,上馬4-12-3,35.635417291819984,139.6626992673262,,http://www.city.setagaya.lg.jp/shisetsu/1203/1239/d00011734.html
三軒茶屋保育園,三軒茶屋1-23-4,35.64060726045289,139.66973036603434,,http://www.city.setagaya.lg.jp/shisetsu/1203/1238/d00011717.html
下馬保育園,下馬5-32-11,35.63691555885409,139.68270596963168,,http://www.city.setagaya.lg.jp/shisetsu/1203/1238/d00139502.html
青葉学園野沢こども園（認定こども園）,野沢1-3-19,35.63453330554656,139.66971216008434,,http://www.city.setagaya.lg.jp/shisetsu/1203/1239/d00011735.html
おともだち保育園分園 こまつなぎ,下馬1-42-1,35.639449678164965,139.68061979865914,,http://www.city.setagaya.lg.jp/shisetsu/1203/1239/d00033350.html
下馬鳩ぽっぽ保育園,下馬3-14-9,35.63596197860398,139.67537696691446,,http://www.city.setagaya.lg.jp/shisetsu/1203/1239/d00011729.html
鳩ぽっぽ保育園,太子堂1-15-5,35.642170054535626,139.67450245173836,,http://www.city.setagaya.lg.jp/shisetsu/1203/1239/d00011728.html
サン・ベビールーム,三軒茶屋2-8-11,35.642485342244186,139.6677321683537,,http://www.city.setagaya.lg.jp/shisetsu/1203/1240/d00011797.html
つくし保育園,太子堂2-6-12,35.646076248694875,139.67388084588163,,http://www.city.setagaya.lg.jp/shisetsu/1203/1240/d00011794.html
昭和ナースリー（認定こども園）,太子堂1-13-21,35.643629857130286,139.67376998036673,,http://www.city.setagaya.lg.jp/shisetsu/1203/1241/d00141152.html
ポピンズナーサリースクール三軒茶屋,野沢1-35-8,35.63870858641067,139.67253158820614,,http://www.city.setagaya.lg.jp/shisetsu/1203/1241/d00011871.html
もみの木保育園太子堂,太子堂1-12-18,35.643650342230565,139.6731089313986,,http://www.city.setagaya.lg.jp/shisetsu/1203/1239/d00036827.html
ニチイキッズ三軒茶屋保育園,三軒茶屋1-2-21,35.638907355520274,139.67444519600227,,http://www.city.setagaya.lg.jp/shisetsu/1203/1241/d00038963.html
おともだち保育園,下馬2-21-11,35.64012947181744,139.67611631541007,,http://www.city.setagaya.lg.jp/shisetsu/1203/1239/d00011730.html
おともだち保育園分園 こまどめ,下馬4-18-1,35.637290792924034,139.67836389139163,,http://www.city.setagaya.lg.jp/shisetsu/1203/1239/d00011731.html
世田谷はっと保育園,下馬4-1-8,35.633473674805124,139.67790200976162,,http://www.city.setagaya.lg.jp/shisetsu/1203/1239/d00133975.html
いなみ小児科病児保育室ハグルーム,下馬3-10-7,35.63472488046257,139.67417666749972,, 
池尻かもめ保育園,池尻2-5-8,35.646544334547755,139.68048703450341,,http://www.city.setagaya.lg.jp/shisetsu/1203/1239/d00125116.html
上祖師谷保育園,上祖師谷1-16-17,35.66324223295738,139.60125959526826,,http://www.city.setagaya.lg.jp/shisetsu/1203/1238/d00011783.html
上祖師谷南保育園,上祖師谷4-6-7,35.65395623090824,139.5967815136695,,http://www.city.setagaya.lg.jp/shisetsu/1203/1238/d00011784.html
給田保育園,給田2-13-6,35.6650316279446,139.59334539926428,,http://www.city.setagaya.lg.jp/shisetsu/1203/1238/d00011787.html
祖師谷保育園,上祖師谷3-20-17,35.6568065736032,139.60077205222262,,http://www.city.setagaya.lg.jp/shisetsu/1203/1239/d00011792.html
祖師谷保育園分園,上祖師谷6-31-5,35.66017709234201,139.5949256401226,,http://www.city.setagaya.lg.jp/shisetsu/1203/1239/d00021034.html
成城つくしんぼ保育園,成城8－27-17,35.64873642834333,139.59397976882255,,http://www.city.setagaya.lg.jp/shisetsu/1203/1239/d00125109.html
希望丘保育園,船橋6-26-5,35.65807247370073,139.62092931002658,,http://www.city.setagaya.lg.jp/shisetsu/1203/1238/d00011770.html
船橋西保育園,船橋7-20-16,35.658429729437024,139.61555251881106,,http://www.city.setagaya.lg.jp/shisetsu/1203/1238/d00011771.html
南八幡山保育園,八幡山3-9-20,35.664790465157225,139.6170636078989,,http://www.city.setagaya.lg.jp/shisetsu/1203/1238/d00131619.html
砧保育園,祖師谷4-3-17,35.64716138798161,139.60776816557214,,http://www.city.setagaya.lg.jp/shisetsu/1203/1239/d00011768.html
ひだまり保育園,船橋4-3-2,35.65525211663448,139.6224913531889,,http://www.city.setagaya.lg.jp/shisetsu/1203/1239/d00025980.html
すこやか園,船橋1-30-9,35.64802180100883,139.62093416233674,,http://www.city.setagaya.lg.jp/shisetsu/1203/1239/d00011779.html
世田谷つくしんぼ保育園,祖師谷6-33-5,35.65741371966548,139.60343818914498,,http://www.city.setagaya.lg.jp/shisetsu/1203/1239/d00024862.html
祖師谷わかば保育園,祖師谷2-5-38,35.64815811174393,139.61247726659693,,http://www.city.setagaya.lg.jp/shisetsu/1203/1239/d00011777.html
千歳保育園,千歳台6-16-12,35.65780122862237,139.60691598664906,,http://www.city.setagaya.lg.jp/shisetsu/1203/1239/d00011780.html
千歳なないろ保育園,千歳台3-17-5,35.652041404577474,139.6151930491735,,http://www.city.setagaya.lg.jp/shisetsu/1203/1239/d00025979.html
エクレール保育園,船橋1-11-2,35.64722994558124,139.6222172523248,,http://www.city.setagaya.lg.jp/shisetsu/1203/1241/d00011884.html
めぐみマテルネル,船橋1-30-19,35.64815497965733,139.62147183351593,,http://www.city.setagaya.lg.jp/shisetsu/1203/1241/d00022615.html
ゆりかご保育園,粕谷4-7-8,35.66467602740116,139.60388426304314,,http://www.city.setagaya.lg.jp/shisetsu/1203/1241/d00022617.html
烏山杉の子保育園,南烏山2-2-3,35.664895261883274,139.60608179679076,,http://www.city.setagaya.lg.jp/shisetsu/1203/1239/d00011793.html
太陽の子　世田谷船橋保育園,船橋4-13-7,35.65654714614838,139.62091600930097,,http://www.city.setagaya.lg.jp/shisetsu/1203/1239/d00138996.html
ぽこころ保育園　祖師谷,祖師谷４－４－１６,35.64750925429871,139.60648607920797,,http://www.city.setagaya.lg.jp/shisetsu/1203/1241/d00138073.html
ぽけっとランド千歳船橋,船橋6-16-11,35.65937313452861,139.6234365524173,,http://www.city.setagaya.lg.jp/shisetsu/1203/1241/d00131245.html
太陽の子めぐりさわ保育園,千歳台４－１４－１,35.65651374434602,139.61276460993582,,http://www.city.setagaya.lg.jp/shisetsu/1203/1241/d00124616.html
赤堤保育園,赤堤4-1-10,35.66026413176161,139.64142274511346,,http://www.city.setagaya.lg.jp/shisetsu/1203/1238/d00127622.html
船橋東保育園,船橋5-14-19,35.654814809496344,139.62762204375446,,http://www.city.setagaya.lg.jp/shisetsu/1203/1238/d00011769.html
わかくさ保育園,経堂1-25-11,35.649178023005845,139.6355064090573,,http://www.city.setagaya.lg.jp/shisetsu/1203/1238/d00011724.html
烏山杉の子保育園分園 みなみ風,経堂5-38-14,35.6488264619064,139.63018474887605,,http://www.city.setagaya.lg.jp/shisetsu/1203/1239/d00033411.html
経堂保育園,経堂4-13-10,35.64834592335143,139.62820779571436,,http://www.city.setagaya.lg.jp/shisetsu/1203/1239/d00011733.html
早苗保育園,桜上水3-18-12,35.660317595858395,139.63182861253352,,http://www.city.setagaya.lg.jp/shisetsu/1203/1239/d00011746.html
ポピンズナーサリースクール経堂,赤堤3-32-5,35.656919662231495,139.63545495882798,,http://www.city.setagaya.lg.jp/shisetsu/1203/1241/d00033093.html
ゆりかご赤堤園,赤堤3-2-7,35.65834775050524,139.64206416107106,,http://www.city.setagaya.lg.jp/shisetsu/1203/1241/d00033097.html
早苗保育園分園 ほなみ,赤堤4-34-6,35.66407385243173,139.63971926824144,,http://www.city.setagaya.lg.jp/shisetsu/1203/1239/d00033412.html
松沢保育園,上北沢1-32-3,35.66400057762064,139.62404386560095,,http://www.city.setagaya.lg.jp/shisetsu/1203/1238/d00011781.html
みんなのおうち保育園,桜上水5-3-28,35.664729765830614,139.62838073069446,,http://www.city.setagaya.lg.jp/shisetsu/1203/1239/d00138958.html
ラフ・クルー経堂保育園,経堂1-6-17,35.64868477876486,139.63748469915723,,http://www.city.setagaya.lg.jp/shisetsu/1203/1241/d00131243.html
わらべうた経堂保育園,桜上水１－７－１０,35.65695477481887,139.63146552688625,,http://www.city.setagaya.lg.jp/shisetsu/1203/1241/d00124614.html
梅丘保育園,松原6-6-9,35.660040138124536,139.6532088783063,,http://www.city.setagaya.lg.jp/shisetsu/1203/1238/d00011744.html
豪徳寺保育園,豪徳寺1-34-2,35.65538854546088,139.64941681159928,,http://www.city.setagaya.lg.jp/shisetsu/1203/1238/d00011737.html
下北沢保育園,代沢5-34-15,35.65967730549821,139.66534966633438,,http://www.city.setagaya.lg.jp/shisetsu/1203/1238/d00011738.html
世田谷保育園,若林4-37-11,35.647645787966965,139.6569852898607,,http://www.city.setagaya.lg.jp/shisetsu/1203/1238/d00011718.html
太子堂保育園,太子堂5-24-27,35.648991221743564,139.665984723009,,http://www.city.setagaya.lg.jp/shisetsu/1203/1238/d00011716.html
代田保育園,代田3-27-20,35.65506520238799,139.6584807033949,,http://www.city.setagaya.lg.jp/shisetsu/1203/1238/d00011736.html
河田保育園,赤堤1-3-23,35.655011631204964,139.6458189463335,,http://www.city.setagaya.lg.jp/shisetsu/1203/1239/d00011747.html
成育しせい保育園梅丘分園,梅丘1-31-36,35.65617820390883,139.65411655554772,,http://www.city.setagaya.lg.jp/shisetsu/1203/1239/d00025981.html
春明保育園,豪徳寺1-25-18,35.65352396669451,139.64754030585,,http://www.city.setagaya.lg.jp/shisetsu/1203/1239/d00011745.html
羽根木こども園（認定こども園）,代田4-25-9,35.66079587490128,139.65565285919726,,http://www.city.setagaya.lg.jp/shisetsu/1203/1239/d00011748.html
松原保育園,松原5-33-16,35.662889798639696,139.65043719843578,,http://www.city.setagaya.lg.jp/shisetsu/1203/1239/d00011742.html
グローバルキッズ東松原駅前保育園,羽根木1-31-21,35.66545025455607,139.65728204078258,,http://www.city.setagaya.lg.jp/shisetsu/1203/1241/d00015406.html
ベビールーム下北沢,北沢2-29-12,35.663275893103645,139.66693231663191,,http://www.city.setagaya.lg.jp/shisetsu/1203/1241/d00011874.html
マミーナ下北沢,北沢2-23-10,35.66147846346219,139.66608580003304,,http://www.city.setagaya.lg.jp/shisetsu/1203/1241/d00011873.html
蓮美幼児学園世田谷ナーサリー,若林4-31-17,35.64655760333301,139.6540249636714,,http://www.city.setagaya.lg.jp/shisetsu/1203/1241/d00011869.html
豪徳寺保育園病後児保育室きてぃるーむ,松原6-41-8,35.656751474763524,139.64956874977707,, 
保育室SUKUSUKU,梅丘1-8-9,35.6540420380451,139.65429913601108,,http://www.city.setagaya.lg.jp/shisetsu/1203/1240/d00011801.html
円光院幼稚園(認定こども園),梅丘2-19-8,35.65041592572728,139.65226793521083,,http://www.city.setagaya.lg.jp/shisetsu/1203/1239/d00141151.html
太子堂なごみ保育園分園うめがおか,梅丘2-11-9,35.64953516166613,139.65399467721406,,http://www.city.setagaya.lg.jp/shisetsu/1203/1239/d00125111.html
羽根木のぞみ保育園,羽根木1-7-11,35.66510026384111,139.6604008490472,,http://www.city.setagaya.lg.jp/shisetsu/1203/1239/d00138955.html
ドレミファ保育室,北沢2-26-23,35.66221397821025,139.66673173142516,,http://www.city.setagaya.lg.jp/shisetsu/1203/1240/d00011802.html
病児・病後児保育室下北沢ひよこ園,北沢2-26-25,35.66196077935696,139.666599274513,, 
三宿保育園,三宿2-37-3,35.6527940525825,139.67288746632335,,http://www.city.setagaya.lg.jp/shisetsu/1203/1238/d00129685.html
下馬鳩ぽっぽ保育園分園 野の花園,三宿2-26-25,35.652434605246455,139.67446722466684,,http://www.city.setagaya.lg.jp/shisetsu/1203/1239/d00033353.html
太子堂なごみ保育園,太子堂2-3-10,35.64729939488824,139.67352503715523,,http://www.city.setagaya.lg.jp/shisetsu/1203/1239/d00031206.html
なかよし保育室,池尻2-28-12,35.649006206759246,139.68374531151795,,http://www.city.setagaya.lg.jp/shisetsu/1203/1240/d00011798.html
都市型保育園ポポラー東京三軒茶屋園,太子堂3-37-1,35.65114932375125,139.670544100454,,http://www.city.setagaya.lg.jp/shisetsu/1203/1241/d00017423.html
蓮美幼児学園池尻ナーサリー,池尻3-20-1,35.64940097979261,139.68148874781824,,http://www.city.setagaya.lg.jp/shisetsu/1203/1241/d00011866.html
東北沢ききょう保育園,北沢1-20-11,35.665164611155575,139.67357394145978,,http://www.city.setagaya.lg.jp/shisetsu/1203/1239/d00036835.html
池尻保育園,池尻2-3-11,35.646637872692814,139.6824692925542,,http://www.city.setagaya.lg.jp/shisetsu/1203/1238/d00139543.html
遊愛保育園,三宿2-16-32,35.65177011563581,139.67556749777822,,http://www.city.setagaya.lg.jp/shisetsu/1203/1239/d00138817.html
わらべうた三宿保育園,池尻3-23-2,35.648439878277244,139.6798101181974,,http://www.city.setagaya.lg.jp/shisetsu/1203/1241/d00131240.html
代沢みこころ保育園,代沢2-27-1,35.65763382278833,139.66869457379087,,http://www.city.setagaya.lg.jp/shisetsu/1203/1239/d00134579.html
西之谷保育園,北烏山6-12-21,35.6725926058636,139.59667307236595,,http://www.city.setagaya.lg.jp/shisetsu/1203/1238/d00011791.html
せたがや小鳥の森保育園,北烏山8-9-13,35.675699816282,139.5893156786219,,http://www.city.setagaya.lg.jp/shisetsu/1203/1239/d00031238.html
京王キッズプラッツ烏山,南烏山5-17-5,35.66691111227035,139.6013195598788,,http://www.city.setagaya.lg.jp/shisetsu/1203/1241/d00019355.html
ゆらりん千歳烏山保育園,南烏山6-6-2,35.66786560155938,139.59979478515643,,http://www.city.setagaya.lg.jp/shisetsu/1203/1241/d00011888.html
ラフ・クルー烏山保育園,南烏山6-38-9,35.671988744174406,139.59970224656894,,http://www.city.setagaya.lg.jp/shisetsu/1203/1241/d00022618.html
烏山保育園,南烏山6-22-14,35.669867684358366,139.59805945593348,,http://www.city.setagaya.lg.jp/shisetsu/1203/1239/d00011789.html
烏山いちご保育園,北烏山8-1-5,35.674973668512365,139.59163750975415,,http://www.city.setagaya.lg.jp/shisetsu/1203/1239/d00138957.html
病児・病後児保育室ポピンズルーム千歳烏山,南烏山6-12-12,35.66839253016428,139.59784419073534,, 
ポピンズナーサリースクール千歳烏山,南烏山6-12-12,35.668342652940545,139.59792033337808,,http://www.city.setagaya.lg.jp/shisetsu/1203/1241/d00131242.html
上北沢保育園,上北沢4-25-3,35.66973861495006,139.62023685545694,,http://www.city.setagaya.lg.jp/shisetsu/1203/1238/d00011782.html
烏山北保育園,北烏山3-13-35,35.67736870677475,139.601918321579,,http://www.city.setagaya.lg.jp/shisetsu/1203/1238/d00011790.html
八幡山保育園,粕谷2-22-3,35.66641747556601,139.6111409381042,,http://www.city.setagaya.lg.jp/shisetsu/1203/1238/d00122189.html
芦花保育園,南烏山2-30-17,35.66944064356344,139.60643487218962,,http://www.city.setagaya.lg.jp/shisetsu/1203/1238/d00011788.html
メネス保育園,南烏山4-16-16,35.670868671755045,139.60136565921823,,http://www.city.setagaya.lg.jp/shisetsu/1203/1240/d00011813.html
芦花ゆりかご保育園,南烏山3-9-10,35.671449303490206,139.6065062914278,,http://www.city.setagaya.lg.jp/shisetsu/1203/1241/d00011889.html
子育てステーション烏山病児病後児保育室にこりんるーむ,南烏山5-17-5,35.666911325042065,139.60143001683338,, 
北烏山なごみ保育園,北烏山3-11-6,35.673897801409765,139.6022005325417,,http://www.city.setagaya.lg.jp/shisetsu/1203/1239/d00125115.html
小さなおうち保育園,上北沢3-1-20,35.66627592977263,139.62740034125642,,http://www.city.setagaya.lg.jp/shisetsu/1203/1239/d00125117.html
大原保育園,大原1-23-13,35.667578082615385,139.66143271185592,,http://www.city.setagaya.lg.jp/shisetsu/1203/1238/d00011739.html
松原北保育園,松原1-11-4,35.666586602111195,139.65373298483334,,http://www.city.setagaya.lg.jp/shisetsu/1203/1238/d00011741.html
アスク明大前保育園,松原1-50-15,35.669619086554704,139.65445788882764,,http://www.city.setagaya.lg.jp/shisetsu/1203/1241/d00011875.html
みどり幼稚園保育室,松原2-17-22,35.66643528719676,139.64850782273072,,http://www.city.setagaya.lg.jp/shisetsu/1203/1240/d00011804.html
若竹保育園,北沢5-18-4,35.66953953917111,139.6696994092754,,http://www.city.setagaya.lg.jp/shisetsu/1203/1238/d00011740.html
奥沢子育て児童ひろば,奥沢4-8-14,35.60051312581713,139.6715918488661,,http://www.city.setagaya.lg.jp/shisetsu/1209/1249/d00138570.html
喜多見児童館,喜多見2-10-40,35.6247313731074,139.59473619948753,,http://www.city.setagaya.lg.jp/shisetsu/1209/1249/d00007150.html
鎌田児童館,鎌田3-35-1,35.62231075229302,139.6135265328627,,http://www.city.setagaya.lg.jp/shisetsu/1209/1249/d00145703.html
玉川台児童館,玉川台1-6-15,35.62294491298332,139.6330434109462,,http://www.city.setagaya.lg.jp/shisetsu/1209/1249/d00131693.html
森の児童館,上野毛4-29-18,35.61686912990768,139.63879778621958,,http://www.city.setagaya.lg.jp/shisetsu/1209/1249/d00007135.html
深沢児童館,深沢4-33-11,35.62017706530916,139.65386293529934,,http://www.city.setagaya.lg.jp/shisetsu/1209/1249/d00007138.html
等々力児童館,等々力3-25-16,35.61127372669052,139.6500070505441,,http://www.city.setagaya.lg.jp/shisetsu/1209/1249/d00007126.html
成城さくら児童館,成城3-18-23,35.63410868644257,139.59762760252335,,http://www.city.setagaya.lg.jp/shisetsu/1209/1249/d00007153.html
山野児童館,砧4-1-7,35.638030578802216,139.61465542503953,,http://www.city.setagaya.lg.jp/shisetsu/1209/1249/d00007156.html
桜丘児童館,桜丘5-14-1,35.644783761974175,139.6223318970823,,http://www.city.setagaya.lg.jp/shisetsu/1209/1249/d00131993.html
上町児童館,世田谷2-30-16,35.64305645552068,139.64287837866578,,http://www.city.setagaya.lg.jp/shisetsu/1209/1249/d00145540.html
上用賀児童館,上用賀4-14-3,35.635865397126665,139.63005457585237,,http://www.city.setagaya.lg.jp/shisetsu/1209/1249/d00007141.html
新町児童館,新町2-23-4,35.63083265288893,139.64769689469577,,http://www.city.setagaya.lg.jp/shisetsu/1209/1249/d00007144.html
弦巻児童館,弦巻1-26-11,35.63697794028432,139.65192860525931,,http://www.city.setagaya.lg.jp/shisetsu/1209/1249/d00007085.html
野沢児童館,野沢1-8-14,35.63471827093553,139.67118023845575,,http://www.city.setagaya.lg.jp/shisetsu/1209/1249/d00007092.html
上祖師谷ぱる児童館,上祖師谷4-5-6,35.65358589657305,139.5967564853518,,http://www.city.setagaya.lg.jp/shisetsu/1209/1249/d00145762.html
粕谷児童館,粕谷4-13-6,35.66295273515063,139.60514495327027,,http://www.city.setagaya.lg.jp/kurashi/103/131/497/1851/d00007123.html
祖師谷児童館,祖師谷4-28-6,35.649673994239095,139.6062614957602,,http://www.city.setagaya.lg.jp/shisetsu/1209/1249/d00147123.html
船橋児童館,船橋5-17-28,35.654795305083034,139.62543069414914,,http://www.city.setagaya.lg.jp/shisetsu/1209/1249/d00007147.html
松沢児童館,赤堤4-37-14,35.66440704414511,139.64179310017872,,http://www.city.setagaya.lg.jp/shisetsu/1209/1249/d00007108.html
若林児童館,若林5-18-13,35.64862320822978,139.65697327815658,,http://www.city.setagaya.lg.jp/shisetsu/1209/1249/d00007082.html
代田南児童館,代田1-21-11,35.65261299299169,139.66178795688646,,http://www.city.setagaya.lg.jp/shisetsu/1209/1249/d00007111.html
代田児童館,代田６－３４－１３,35.662761889319775,139.66061883134068,,http://www.city.setagaya.lg.jp/shisetsu/1209/1249/d00124214.html
池尻児童館,池尻2-3-11,35.64663748685317,139.68256036408658,,http://www.city.setagaya.lg.jp/shisetsu/1209/1249/d00007077.html
烏山児童館,南烏山4-26-3,35.67172343106817,139.60153857366308,,http://www.city.setagaya.lg.jp/shisetsu/1209/1249/d00007114.html
上北沢児童館,上北沢3-8-9,35.66739863246925,139.6255716366855,,http://www.city.setagaya.lg.jp/shisetsu/1209/1249/d00007117.html
たまがわ　いち・にい・さん,世田谷区玉川1-2-3,35.608043275696076,139.63121384656824,,http://www.city.setagaya.lg.jp/kurashi/103/128/449/d00152766.html
ほっとスクール「尾山台」,尾山台3-19-3,35.60499036504008,139.65416057190777,,http://www.city.setagaya.lg.jp/shisetsu/1208/d00005679.html
玉堤一丁目おでかけひろば,世田谷区玉堤1-8-5,35.59429030504125,139.6533022188551,,http://www.city.setagaya.lg.jp/kurashi/103/128/449/d00153922.html
きぬたまの家（うち）,鎌田1-19-1-101,35.618121183014736,139.6150069026455,,http://setagaya-mizubedesign.org/kinutama_uchi.html
教育相談室玉川分室,玉川2-1-15,35.61147145849266,139.63135214120965,,http://www.city.setagaya.lg.jp/shisetsu/1208/d00005676.html
ひまわり,玉川4-16-6,35.61772460894992,139.62391181230558,,http://www.city.setagaya.lg.jp/kurashi/103/128/449/d00040023.html
かみのげおでかけひろば,上野毛1-27-5,35.61260728903562,139.6381345255761,, 
おでかけひろば　まーぶる,世田谷区瀬田2-25-10,35.620451867855756,139.63186806266782,,http://www.city.setagaya.lg.jp/kurashi/103/128/449/d00152768.html
子育てステーション成城,成城6-5-34,35.640177426088336,139.59902380719302,,http://www.city.setagaya.lg.jp/kurashi/103/128/454/d00016017.html
教育相談室砧分室,成城6-3-10,35.64078713163229,139.60065913803913,,http://www.city.setagaya.lg.jp/shisetsu/1208/d00005676.html
おでかけひろば FUKU＊fuku,世田谷区喜多見9-14-15,35.63882093216395,139.5858996246419,,http://www.city.setagaya.lg.jp/kurashi/103/128/449/d00152767.html
発達障害相談・療育センター「げんき」,大蔵2-10-18,35.634629073481534,139.61295802031688,,http://www.city.setagaya.lg.jp/shisetsu/1224/1353/d00132485.html
東京都世田谷児童相談所,桜丘5-28-12,35.64355778621789,139.61973659728858,, 
子育てステーション桜新町,桜新町2-8-1,35.63195873735193,139.64522524780236,,http://www.city.setagaya.lg.jp/kurashi/103/128/454/d00127459.html
古民家mamas＠世田谷1丁目,世田谷1-11-18,35.641849254753865,139.65341291699778,,http://ameblo.jp/kominkamamas/
まちもりほっとステイSUKUSUKU,世田谷3丁目1番27号,35.642904985139324,139.65032727369967,,http://www.setagaya-station.com/matimori/sukusuku/index.html
ほっとステイ「ぽっぽ」,上馬4丁目12番3号,35.635508551491235,139.6626640719668,,http://www.city.setagaya.lg.jp/kurashi/103/128/448/d00150937.html
子育てステーション世田谷,太子堂1-12-40,35.645246541570955,139.67498125202914,,http://www.city.setagaya.lg.jp/kurashi/103/128/454/d00016047.html
教育相談室世田谷分室,太子堂4-3-1,35.64336960935341,139.66873090748408,,http://www.city.setagaya.lg.jp/shisetsu/1208/d00005676.html
のざわテットーひろば,野沢3-14-22,35.630262317645595,139.67642854777122,,http://tettohiroba.lolipop.jp
ひょっこりひろば,下馬3-10-7,35.63468123318608,139.67422931078872,,http://www.inami-shounika.jp/hyokkori/
けやき広場,成城8-27-17,35.648590930077326,139.5939714786773,,http://www.seijo-tsukushinbo.jp/childcare.shtml
すこやか広場,船橋1-30-9,35.64794783271648,139.6211071834346,,http://www.kisenfukushi.com/service/kodomono_seikatsu_hoiku/sukoyaka_hiroba
みずき広場,祖師谷6-33-5,35.657390459680826,139.6035302560453,,http://setagaya-tsukushinbo.jp/childcare.shtml
ほっとステイ　カムパネルラ経堂,宮坂3-15-15,35.653961734452565,139.63745282216772,,http://www.city.setagaya.lg.jp/kurashi/103/128/448/d00150938.html
生活クラブ子育て広場ぶらんこ,宮坂3-13-13,35.65297428948437,139.63745931928787,,http://tokyo.seikatsuclub.coop/care/raise/buranko.html
子ども・子育て総合センター,宮坂3-15-15,35.65388994011895,139.6373143956093,,http://www.city.setagaya.lg.jp/kurashi/103/128/449/d00007788.html
ぐみの木ひろば,世田谷区上北沢1-32-10,35.66409691585936,139.62356700626447,,http://www.city.setagaya.lg.jp/kurashi/103/128/449/d00153921.html
ほっとスクール「城山」,豪徳寺2-10-9,35.648159983509224,139.64942520889343,,http://www.city.setagaya.lg.jp/shisetsu/1208/d00005679.html
子育てステーション梅丘,梅丘1-31-36,35.656178380855174,139.6542355021637,,http://www.city.setagaya.lg.jp/kurashi/103/128/454/d00027635.html
おでかけひろば＠あみーご,松原4-2-18,35.66087097830179,139.64795172135643,,http://plaza.rakuten.co.jp/atamigo/
そらまめハウス,代田4-38-52,35.658146111331504,139.65602297851117,,https://www.facebook.com/Playpark.Setagaya
おでかけひろば一空（いっくう）,代沢1-25-11,35.65614415610063,139.67607212408043,,http://www.facebook.com/odekake1kuu/
子育てステーション烏山,南烏山5-17-5,35.66682097561309,139.601319820679,,http://www.city.setagaya.lg.jp/kurashi/103/128/454/d00019245.html
教育相談室烏山分室,南烏山4-26-2,35.67187634005433,139.6014258188966,,http://www.city.setagaya.lg.jp/shisetsu/1208/d00005676.html
おでかけひろば  ぶりっじ＠roka,南烏山2-30-11,35.669260760824244,139.6077466616373,,http://blog.livedoor.jp/bridgeroka/files/map.html
ぽっぽちゃんひろば,世田谷区上北沢3-1-19　福音寮3F,35.6661821499062,139.62695743010192,,http://www.fukuinryo.or.jp/kosodate.html
おでかけひろば　ぼっこ,北沢5-14-10,35.669731411555794,139.66698055772792,,http://osekkai.jimdo.com/
あずさわ児童館,板橋区小豆沢3-9-2-103,35.78055254,139.69601740000002,03-3966-2825,http://www.city.itabashi.tokyo.jp/c_sections/azuj/index.html
大山東児童館,板橋区大山東町8-7,35.74746404,139.70610180000003,03-3579-6767,http://www.city.itabashi.tokyo.jp/c_sections/oyamahj/index.html
上板橋児童館,板橋区上板橋2-3-8,35.76169547,139.6737793,03-3933-6970,http://www.city.itabashi.tokyo.jp/c_sections/kamij/index.html
紅梅児童館,板橋区徳丸6-2-10,35.77640453,139.66308180000001,03-3934-6477,http://www.city.itabashi.tokyo.jp/c_sections/kobaij/index.html
さかうえ児童館,板橋区小豆沢1-20-17,35.77569326,139.70229809999998,03-3965-9733,http://www.city.itabashi.tokyo.jp/c_sections/sakauej/index.html
清水児童館,板橋区清水町72-7,35.76538538,139.70460490000002,03-3963-3313,http://www.city.itabashi.tokyo.jp/c_sections/shimizuj/index.html
志村児童館,板橋区志村2-16-11,35.7749649,139.68583180000002,03-3969-5881,http://www.city.itabashi.tokyo.jp/c_sections/shimuj/index.html
志村橋児童館,板橋区舟渡3-6-3,35.79354685,139.6801598,03-3966-6849,http://www.city.itabashi.tokyo.jp/c_sections/sbashij/index.html
しらさぎ児童館,板橋区成増5-19-4,35.78805343,139.6339624,03-3979-3895,http://www.city.itabashi.tokyo.jp/c_sections/shiraj/index.html
新河岸児童館,板橋区新河岸1-3-2-101,35.793763299999995,139.664161,03-3937-8337,http://www.city.itabashi.tokyo.jp/c_sections/shingaj/index.html
高島平児童館,板橋区高島平3-12-28,35.78700132,139.6587415,03-3979-3894,http://www.city.itabashi.tokyo.jp/c_sections/takaj/index.html
東新児童館,板橋区東新町2-43-5,35.75259118,139.6806096,03-3972-8020,http://www.city.itabashi.tokyo.jp/c_sections/toshinj/index.html
なります児童館,板橋区成増3-34-21,35.78117464,139.63150359999997,03-3939-6502,http://www.city.itabashi.tokyo.jp/c_sections/narij/index.html
西徳児童館,板橋区西台4-4-37,35.77020916,139.6680585,03-3936-2409,http://www.city.itabashi.tokyo.jp/c_sections/nishitoj/index.html
蓮根児童館,板橋区蓮根2-6-15,35.78129924,139.6765946,03-3968-0688,http://www.city.itabashi.tokyo.jp/c_sections/hasuj/index.html
蓮根第二児童館,板橋区蓮根3-15-1-104,35.78903786,139.6765475,03-3969-5582,http://www.city.itabashi.tokyo.jp/c_sections/hasu3j/index.html
はすのみ児童館,板橋区高島平1-50-2,35.78405849,139.671563,03-3934-5980,http://www.city.itabashi.tokyo.jp/c_sections/hasunoj/index.html
氷川児童館,板橋区氷川町24-2,35.75436514,139.70516740000002,03-3961-5723,http://www.city.itabashi.tokyo.jp/c_sections/hikawaj/index.html
富士見台児童館,板橋区前野町1-8-1,35.76401331,139.69623,03-3965-8524,http://www.city.itabashi.tokyo.jp/c_sections/fujimij/index.html
緑が丘児童館,板橋区中台3-27-2,35.77326021,139.6791025,03-3934-4176,http://www.city.itabashi.tokyo.jp/c_sections/midorij/index.html
南板橋児童館,板橋区板橋1-39-1,35.74779264,139.7149683,03-3963-4518,http://www.city.itabashi.tokyo.jp/c_sections/mitaj/index.html
南前野児童館,板橋区前野町2-23-1,35.7657545,139.6882041,03-3967-3870,http://www.city.itabashi.tokyo.jp/c_sections/mmaenoj/index.html
向原児童館,板橋区向原1-18-5,35.74247383,139.6848543,03-3974-6736,http://www.city.itabashi.tokyo.jp/c_sections/mukaij/index.html
弥生児童館,板橋区弥生町16-3,35.75316198,139.6942392,03-3956-8311,http://www.city.itabashi.tokyo.jp/c_sections/yayoij/index.html
ゆりの木児童館,板橋区赤塚新町3-32-11-209,35.76922728,139.6386133,03-3977-2651,http://www.city.itabashi.tokyo.jp/c_sections/yurij/index.html
子ども家庭支援センター,板橋区栄町36-1,35.75096502,139.70531640000002,03-3579-2656,http://www.city.itabashi.tokyo.jp/c_kurashi/009/009826.html
赤塚児童館,板橋区赤塚6-38-1,35.77884326,139.6449369,03-3938-8821,http://www.city.itabashi.tokyo.jp/c_sections/akaj/index.html
こども発達支援センター,練馬区光が丘3-1-1,35.75399596,139.63065690000002,03-3975-6251,
栄町児童館,練馬区栄町40-7,35.7394713,139.6710343,03-3994-3287,
中村児童館,練馬区中村2-25-3,35.73178056,139.6421563,03-3998-4890,
平和台児童館,練馬区平和台2-18-14,35.76007643,139.6615122,03-3933-0297,
春日町児童館,練馬区春日町2-28-3,35.75702518,139.6462502,03-3998-8799,
北町児童館,練馬区北町1-19-17,35.76411586,139.6678746,03-3931-5481,
光が丘児童館,練馬区光が丘1-3-1,35.76774993,139.6391004,03-3975-7137,
光が丘なかよし児童館,練馬区光が丘2-9-6,35.75953299,139.63000300000002,03-5997-7720,
土支田児童館,練馬区土支田2-32-8,35.76351856,139.61362130000003,03-3925-4784,
南田中児童館,練馬区南田中5-15-25,35.73789985,139.61150700000002,03-3995-5534,
三原台児童館,練馬区三原台2-11-29,35.75719653,139.6063417,03-3924-8796,
石神井児童館,練馬区石神井町7-28-21,35.74466144,139.59813880000002,03-3996-3800,
石神井台児童館,練馬区石神井台2-18-13,35.73570141,139.5896457,03-3995-8267,
上石神井児童館,練馬区上石神井1-5-2,35.72564509,139.5924138,03-3929-0999,
関町児童館,練馬区関町南4-15-7-102,35.72268641,139.57225549999998,03-3920-1601,
東大泉児童館,練馬区東大泉7-20-1,35.74246023,139.5770483,03-3921-9128,
西大泉児童館,練馬区西大泉3-21-16,35.75966965,139.5788581,03-3924-9537,
北大泉児童館,練馬区大泉町4-15-15,35.76306073,139.60015330000002,03-3921-4856,
栄町保育園,練馬区栄町40-7,35.73960219,139.6710413,03-3994-3285,
豊玉第四保育園,練馬区豊玉中1-9-11,35.73080466,139.6613958,03-3948-2391,
豊玉保育園,練馬区豊玉中4-13-6,35.73263144,139.65015019999998,03-3991-4484,
豊玉第三保育園,練馬区豊玉南3-32-37,35.72928758,139.6495081,03-3991-6762,
豊玉第二保育園,練馬区豊玉北6-17-9,35.73597192,139.64993159999997,03-3992-3322,
桜台第二保育園,練馬区桜台3-39-17,35.74603655,139.66320290000002,03-3993-5126,
桜台保育園,練馬区桜台5-41-12,35.74438083,139.6573112,03-3993-6735,
練馬保育園,練馬区練馬2-13-3,35.74220294,139.65141709999997,03-3991-5133,
向山保育園,練馬区向山1-5-7,35.73781894,139.6422001,03-3970-6088,
貫井第二保育園,練馬区貫井4-13-4,35.74098934,139.6314638,03-3990-8291,
貫井保育園,練馬区貫井4-24-9,35.742196,139.62737380000002,03-3990-3320,
氷川台第二保育園,練馬区氷川台2-16-14,35.75679545,139.6673276,03-3932-6227,
氷川台保育園,練馬区氷川台4-47-12,35.75275197,139.6640449,03-3931-2603,
平和台保育園,練馬区平和台2-18-14,35.76021541,139.6615056,03-3932-1484,
早宮保育園,練馬区早宮3-13-31,35.75016923,139.6531991,03-3993-3151,
春日町第三保育園,練馬区春日町5-30-5,35.75111098,139.6387908,03-3926-5461,
春日町第二保育園,練馬区春日町1-29-8,35.75190085,139.6464682,03-3990-3325,
春日町保育園,練馬区春日町5-17-10,35.74636194,139.6376534,03-3990-1843,
高松保育園,練馬区高松3-24-27,35.75000131,139.6251604,03-3999-7910,
北町第二保育園,練馬区北町1-19-17,35.76425315,139.6678795,03-3931-3318,
北町保育園,練馬区北町3-3-14,35.767423799999996,139.6556458,03-3933-6497,
田柄第二保育園,練馬区田柄2-6-22,35.76360908,139.64476059999998,03-3938-8100,
田柄保育園,練馬区田柄4-36-4,35.76683961,139.6377424,03-3939-4519,
光が丘保育園,練馬区光が丘1-3-104,35.76843957,139.6388875,03-3975-7139,
光が丘第二保育園,練馬区光が丘1-6-3-101,35.76780947,139.6358114,03-3977-1311,
光が丘第九保育園,練馬区光が丘2-4-9,35.76304131,139.6331012,03-3976-9011,
光が丘第十一保育園,練馬区光が丘2-4-11-101,35.76382746,139.6327675,03-5997-6021,
光が丘第七保育園,練馬区光が丘2-7-4-105,35.7610823,139.6313721,03-3976-7291,
光が丘第三保育園,練馬区光が丘3-3-2-101,35.75590355,139.6271245,03-3976-4551,
光が丘第十保育園,練馬区光が丘3-7-3-101,35.758108899999996,139.6307849,03-5997-6011,
光が丘第八保育園,練馬区光が丘5-2-3,35.75899495,139.62713469999997,03-3979-9215,
光が丘第四保育園,練馬区光が丘7-3-1-102,35.75627838,139.62574109999997,03-3976-1562,
光が丘第五保育園,練馬区光が丘7-3-3-101,35.75579931,139.6248509,03-3976-6316,
光が丘第六保育園,練馬区光が丘7-7-2-101,35.75812127,139.6233364,03-3976-6321,
旭町第二保育園,練馬区旭町1-33-22-107,35.76622719,139.62478769999998,03-3977-1611,
旭町保育園,練馬区旭町3-11-6,35.77429304,139.6250324,03-3938-3680,
土支田保育園,練馬区土支田2-32-8,35.76362736,139.6136239,03-3925-4787,
富士見台こぶし保育園,練馬区富士見台3-10-1,35.73863488,139.624377,03-3926-1071,
南田中第二保育園,練馬区南田中3-31-4,35.73896738,139.6177314,03-3997-3568,
南田中保育園,練馬区南田中5-25-16,35.73892257,139.613291,03-3996-7800,
高野台保育園,練馬区高野台3-25-17,35.74442935,139.6124597,03-3996-4615,
谷原保育園,練馬区谷原5-16-41,35.75050963,139.6107845,03-3996-0020,
石神井町さくら保育園,練馬区石神井町7-25-45,35.74418607,139.59934740000003,03-3997-0070,
石神井町つつじ保育園,練馬区石神井町8-1-10,35.74533972,139.6016732,03-3997-8646,
石神井台保育園,練馬区石神井台2-18-13,35.73569585,139.5898354,03-3995-8271,
石神井台第二保育園,練馬区石神井台6-2-10,35.74015948,139.58607759999998,03-3925-8301,
上石神井第二保育園,練馬区上石神井1-5-3,35.72564673,139.5920183,03-3929-3247,
上石神井第三保育園,練馬区石神井台4-5-20,35.73169851,139.5846438,03-3928-1451,
上石神井保育園,練馬区上石神井4-21-3,35.72991977,139.5879852,03-3920-3567,
下石神井第三保育園,練馬区下石神井6-8-15,35.73363491,139.6036463,03-3904-3061,
関町保育園,練馬区関町南3-9-29,35.72120889,139.5817731,03-3929-2600,
関町第二保育園,練馬区関町北3-20-30,35.72557023,139.57035190000002,03-3928-1487,
関町第三保育園,練馬区関町北5-4-12,35.73265403,139.57467590000002,03-3929-3285,
東大泉保育園,練馬区東大泉3-60-2-101,35.75638644,139.59044450000002,03-3924-0966,
東大泉第二保育園,練馬区東大泉7-20-1,35.74260481,139.577047,03-3921-9126,
西大泉保育園,練馬区西大泉3-21-16,35.75953203,139.5788621,03-3924-9500,
南大泉保育園,練馬区南大泉5-26-7,35.75117272,139.57312050000002,03-3921-4851,
北大泉保育園,練馬区大泉町4-15-15,35.76292508,139.6001532,03-3921-4852,
大泉学園保育園,練馬区大泉学園町8-9-5,35.77263126,139.5927931,03-3922-3811,
東大泉第三保育園,練馬区東大泉2-42-5,35.75423315,139.59240280000003,03-3922-0550,
子ども家庭支援センター「こどものへや」,江戸川区船堀4丁目2番5号　勤労福祉会館内1階,35.685187,139.86533369999998,03-3877-2460,http://www.city.edogawa.tokyo.jp/shisetsuguide/bunya/kosodate/kateishien.html
共育プラザ南小岩「子育てひろば」,江戸川区南小岩4丁目5番8号,35.7209228,139.8857753,03-3673-2206,http://www.city.edogawa.tokyo.jp/plaza_minamikoiwa/index.html
共育プラザ一之江・子育てひろば,江戸川区一之江3丁目13番7号,35.6898376,139.8843134,03-3652-5911,http://www.city.edogawa.tokyo.jp/plaza_ichinoe/index.html
共育プラザ小岩・子育てひろば,江戸川区北小岩2丁目14番17号,35.7400201,139.88482390000001,03-3672-0604,http://www.city.edogawa.tokyo.jp/plaza_koiwa/index.html
共育プラザ平井・子育てひろば,江戸川区平井7丁目21番6号,35.714537899999996,139.8401941,03-3618-4031,http://www.city.edogawa.tokyo.jp/plaza_hirai/index.html
共育プラザ葛西・子育てひろば,江戸川区宇喜田町175番地,35.6734073,139.8608207,03-3688-8611,http://www.city.edogawa.tokyo.jp/plaza_kasai/index.html
中央健康サポートセンター・子育てひろば,江戸川区中央4丁目24番19号,35.709653499999995,139.86830869999997,03-5661-2467,http://www.city.edogawa.tokyo.jp/shisetsuguide/bunya/kenkofukushi/kenko/chuo.html
清新町健康サポートセンター・子育てひろば,江戸川区清新町1丁目3番11号,35.663032,139.8558199,03-3878-1221,http://www.city.edogawa.tokyo.jp/shisetsuguide/bunya/kenkofukushi/kenko/seishincho.html
鹿骨健康サポートセンター・子育てひろば,江戸川区鹿骨1丁目55番10号,35.709714500000004,139.8905373,03-3678-8711,http://www.city.edogawa.tokyo.jp/shisetsuguide/bunya/kenkofukushi/kenko/shishibone.html
小松川健康サポートセンター・子育てひろば,江戸川区小松川3丁目6番1号,35.6963211,139.8487507,03-3683-5531,http://www.city.edogawa.tokyo.jp/shisetsuguide/bunya/kenkofukushi/kenko/komatsugawa.html
ベーテルひろば（NPO法人）,江戸川区東葛西8-11-33 エストパル1C号室,35.65673220000001,139.8769016,03-3686-8350,http://tokyo-bethel.org/
中葛西子育てひろば,江戸川区中葛西1丁目2番8号　宇喜田ホームズ中庭（1階）,35.668999400000004,139.86810369999998,,http://www.city.edogawa.tokyo.jp/shisetsuguide/bunya/kosodate/hiroba/hiroba.html
臨海らっこルーム,江戸川区臨海町5丁目1番2号　都営臨海町5丁目アパート2号棟1,35.6430257,139.86913930000003,03-3686-2340,http://www.city.edogawa.tokyo.jp/shisetsuguide/bunya/kosodate/hiroba/rinkairakko.html
堀江らっこルーム,江戸川区南葛西3丁目16番8号　公社堀江住宅8号棟1階,35.64801729999999,139.8705514,03-3688-7416,http://www.city.edogawa.tokyo.jp/shisetsuguide/bunya/kosodate/hiroba/horierakko.html
共育プラザ南篠崎・子育てひろば,江戸川区南篠崎町3丁目12番8号,35.6966719,139.8989531,03-3678-8241,http://www.city.edogawa.tokyo.jp/plaza_minamishinozaki/index.html
小岩健康サポートセンター・子育てひろば,江戸川区東小岩3丁目23番3号,35.7338719,139.894124,03-3658-3171,http://www.city.edogawa.tokyo.jp/shisetsuguide/bunya/kenkofukushi/kenko/koiwa.html
東部健康サポートセンター・子育てひろば,江戸川区瑞江2丁目5番7号（東部フレンドホール3階）,35.6940377,139.89787030000002,03-3678-6441・6442・6443,http://www.city.edogawa.tokyo.jp/shisetsuguide/bunya/kenkofukushi/kenko/tobu.html
葛西健康サポートセンター・子育てひろば,江戸川区中葛西3丁目10番1号,35.6658143,139.8695256,03-3688-0154,http://www.city.edogawa.tokyo.jp/shisetsuguide/bunya/kenkofukushi/kenko/kasai.html
なぎさ健康サポートセンター・子育てひろば,江戸川区南葛西7丁目1番27号,35.645736299999996,139.8812814,03-5675-2515,http://www.city.edogawa.tokyo.jp/shisetsuguide/bunya/kenkofukushi/kenko/nagisa.html
グリーンパレス,江戸川区松島1丁目38番1号,35.7058267,139.8662522,03-3653-5151,http://www.city.edogawa.tokyo.jp/shisetsuguide/bunya/kosodate/hiroba/greenpalace.html
家庭福祉員 志村純子,東村山市栄町3-11-20,35.746678,139.46781399999998,042-393-0334,http://www.city.higashimurayama.tokyo.jp/shisetsu/hoikuen/hoikushisetsu/fukushi-shimura/index.html
家庭福祉員 田中浩美,東村山市久米川町2-41-20,35.765364,139.483095,042-397-9998,http://www.city.higashimurayama.tokyo.jp/shisetsu/hoikuen/hoikushisetsu/fukushi-tanaka/index.html
ニチイキッズ東村山保育園,東村山市栄町3-5-11プロスパートウマ１階,35.748976,139.467074,042-390-0072,http://www.city.higashimurayama.tokyo.jp/shisetsu/hoikuen/hoikushisetsu/nichiikid/index.html
りんごっこ駅前保育園,東村山市野口町1-2-3,35.762319,139.465661,042-397-1381,http://www.city.higashimurayama.tokyo.jp/shisetsu/hoikuen/hoikushisetsu/ringokkoekimahoikuen/index.html
りんごっこ久米川駅前保育園,東村山市栄町1-10-1,35.748587,139.474278,042-313-0135,http://www.city.higashimurayama.tokyo.jp/shisetsu/hoikuen/hoikushisetsu/ringokko-kume/index.html
みゆき保育所,東村山市秋津町5-4-13,35.780171,139.494231,042-313-3337,http://www.city.higashimurayama.tokyo.jp/shisetsu/hoikuen/hoikushisetsu/miyukihoikujyo/index.html
せいしん保育室　Bee On Clover(ビーオンクローバー),東村山市野口町1-46　ワンズタワー2階,35.759951,139.46530800000002,042-306-0181,http://www.city.higashimurayama.tokyo.jp/shisetsu/hoikuen/hoikushisetsu/seisinhoikushitsu/index.html
しんあきつ保育園,東村山市秋津町5-12-65,35.64379,139.29376000000002,042-306-4331,http://www.city.higashimurayama.tokyo.jp/shisetsu/hoikuen/hoikushisetsu/shinakitsu/index.html
ことり保育室,東村山市野口町3-13-15,35.763471,139.454998,042-393-2053,http://www.city.higashimurayama.tokyo.jp/shisetsu/hoikuen/hoikushisetsu/kotorihoikushitu/index.html
こひつじ園,東村山市青葉町3-9-33,35.767852000000005,139.495141,042-394-9628,http://www/city.higashimurayama.tokyo.jp/shisetsu/hoikuen/hoikushisetsu/kohituzien/index.html
第1化成児童クラブ,東村山市諏訪町1-4-1,35.76566,139.464662,042-393-9999,
第2化成児童クラブ,東村山市諏訪町1-4-31,35.765386,139.46466,042-393-9210,
第1・第2萩山児童クラブ,東村山市萩山町4-16-5,35.743053,139.478556,042-397-1157,
南台児童クラブ,東村山市富士見町1-16-1,35.744533000000004,139.45644099999998,042-392-2863,
第1・第2青葉児童クラブ,東村山市青葉町2-35-11,35.76565,139.488814,042-397-1155,
第1・第2東萩山児童クラブ,東村山市萩山町5-7-1,35.74569,139.47854099999998,042-394-1242,
第1久米川児童クラブ,東村山市久米川町4-11-19,35.761727,139.47297700000001,042-395-2002,
第2久米川児童クラブ,東村山市久米川町4-11-22,35.762164,139.473026,042-395-9116,
第1回田児童クラブ,東村山市廻田町3-12-6,35.757562,139.447583,042-395-4065,
第2回田児童クラブ,東村山市廻田町3-28-1回田小学校内,35.758924,139.446011,042-395-2006,
第1・第2秋津東児童クラブ,東村山市秋津町4-35-68,35.774659,139.489317,042-393-5175,
第1・第2野火止児童クラブ,東村山市恩多町5-45-4,35.756782,139.487013,042-397-1156,
久米川東児童クラブ,東村山市久米川町2-44-3,35.766246,139.48146100000002,042-395-1172,
富士見児童クラブ,東村山市富士見町5-4-56,35.747267,139.457971,042-394-5396,
秋津児童館,東村山市秋津町3-51-25,35.773354,139.483473,042-397-1150,http://www.city.higashimurayama.tokyo.jp/shisetsu/hoikuen/jidokan/akitsu-j-institution/index.html
栄町児童館,東村山市栄町3-14-1,35.746939000000005,139.469128,042-397-1151,http://www.city.higashimurayama.tokyo.jp/shisetsu/hoikuen/jidokan/sakaemachi/index.html
富士見児童館,東村山市富士見町5-4-51,35.746621999999995,139.462826,042-397-1152,http://www.city.higashimurayama.tokyo.jp/shisetsu/hoikuen/jidokan/fujimi/index.html
北山児童館,東村山市野口町3-26-2,35.765079,139.453365,042-397-1153,http://www.city.higashimurayama.tokyo.jp/shisetsu/hoikuen/jidokan/kitayama/index.html
本町児童館,東村山市本町4-19-26,35.7537,139.474642,042-397-1154,http://www.city.higashimurayama.tokyo.jp/shisetsu/hoikuen/jidokan/honcho/index.html
ファミリー・サポート・センター,東村山市野口町1-25-15地域福祉センター2階,35.758319,139.46423000000001,042-393-5137,http://www.city.higashimurayama.tokyo.jp/kosodate/shien/f-1/index.html
子ども家庭支援センター,東村山市本町1-2-3いきいきプラザ3階,35.754202,139.468257,042-390-2271,http://www.city.higashimurayama.tokyo.jp/kosodate/sodan/kosodate/index.html
子育て総合支援センター(ころころの森),東村山市野口町1-25-15,35.758305,139.464228,042-395-7280,http://r.goope.jp/corocoronomori
市立第一保育園,東村山市本町4-15-16,35.753339000000004,139.473406,042-395-8955,http://www.city.higashimurayama.tokyo.jp/kosodate/kyouikuhoikushisetsu/hoikujyo/shisetsuichiran/kouritsuhoikujyo/daiichihoikuen/index.html
市立第二保育園,東村山市萩山町1-36-1,35.737546,139.48343300000002,042-341-1507,http://www.city.higashimurayama.tokyo.jp/kosodate/kyouikuhoikushisetsu/hoikujyo/shisetsuichiran/kouritsuhoikujyo/daiichihoikuen/index.html
市立第三保育園,東村山市多摩湖1-23-4,35.763704,139.45216000000002,042-394-5800,http://www.city.higashimurayama.tokyo.jp/kosodate/kyouikuhoikushisetsu/hoikujyo/shisetsuichiran/kouritsuhoikujyo/daisanhoikuen/index.html
市立第四保育園,東村山市美住町1-4-19,35.749277,139.464847,042-394-1211,http://www.city.higashimurayama.tokyo.jp/kosodate/kyouikuhoikushisetsu/hoikujyo/shisetsuichiran/kouritsuhoikujyo/daiyonhoikuen/index.html
市立第五保育園,東村山市秋津町4-25-15,35.779283,139.48512,042-394-1452,http://www.city.higashimurayama.tokyo.jp/kosodate/kyouikuhoikushisetsu/hoikujyo/shisetsuichiran/kouritsuhoikujyo/daigohoikuen/index.html
市立第六保育園,東村山市久米川町4-4-10,35.761185,139.47215,042-395-3711,http://www.city.higashimurayama.tokyo.jp/kosodate/kyouikuhoikushisetsu/hoikujyo/shisetsuichiran/kouritsuhoikujyo/dairokuhoikuen/index.html
市立第七保育園,東村山市栄町1-36-51,35.752596999999994,139.477225,042-394-6267,http://www.city.higashimurayama.tokyo.jp/kosodate/kyouikuhoikushisetsu/hoikujyo/shisetsuichiran/kouritsuhoikujyo/dainanahoikuen/index.html
私立つぼみ保育園,東村山市富士見町2-2-2,35.744921999999995,139.451777,042-393-6400,http://www.city.higashimurayama.tokyo.jp/shisetsu/hoikuen/hoikushisetsu/tsubomihoikuen/index.html
私立久米川保育園,東村山市萩山町5-6-1,35.746978000000006,139.479416,042-394-4032,http://www.city.higashimurayama.tokyo.jp/shisetsu/hoikuen/hoikushisetsu/kumegawahoikuen/index.html
私立花さき保育園,東村山市青葉町4-1-1,35.763056,139.497122,042-394-9976,http://www.city.higashimurayama.tokyo.jp/shisetsu/hoikuen/hoikushisetsu/hanasakihoikuen/index.html
私立東たいてん保育園,東村山市多摩湖1-14-2,35.762023,139.44850300000002,042-394-4353,http://www.city.higashimurayama.tokyo.jp/shisetsu/hoikuen/hoikushisetsu/higashitaiten/index.html
私立ふじみ保育園,東村山市富士見町2-7-5,35.740203,139.452535,042-394-9936,http://www.city.higashimurayama.tokyo.jp/shisetsu/hoikuen/hoikushisetsu/fujimihoikuen/index.html
私立わくわく保育園,東村山市久米川町1-38-4,35.768113,139.48527099999998,042-396-9022,http://www.city.higashimurayama.tokyo.jp/shisetsu/hoikuen/hoikushisetsu/wakuwakuhoikuen/index.html
私立りんごっこ保育園(本園),東村山市恩多町1-55-7,35.751795,139.48854,042-394-2327,http://www.city.higashimurayama.tokyo.jp/shisetsu/hoikuen/hoikushisetsu/ringokkohoikuen/index.html
私立りんごっこ保育園(分園),東村山市栄町1-18-5,35.749404999999996,139.47746,042-394-2327,http://www.city.higashimurayama.tokyo.jp/shisetsu/hoikuen/hoikushisetsu/ringokkohoikuen/index.html
私立つばさ保育園,東村山市本町2-22-3,35.759199,139.469014,042-395-2506,http://www.city.higashimurayama.tokyo.jp/shisetsu/hoikuen/hoikushisetsu/tsubasahoikuen/index.html
私立ほんちょう保育園,東村山市本町3-43-1,35.755568,139.470485,042-399-2100,http://www.city.higashimurayama.tokyo.jp/shisetsu/hoikuen/hoikushisetsu/honchouhoikuen/index.html
私立八国山保育園(本園),東村山市野口町1-5-6,35.764115000000004,139.465775,042-391-0128,http://www.city.higashimurayama.tokyo.jp/shisetsu/hoikuen/hoikushisetsu/hachikokuyamahoikuen/index.html
私立八国山保育園(分園),東村山市野口町1-6-10-1F,35.764323,139.464898,042-391-0197,http://www.city.higashimurayama.tokyo.jp/shisetsu/hoikuen/hoikushisetsu/hachikokuyamahoikuen/index.html
私立青葉さくら保育園,東村山市青葉町1-7-68,35.757831,139.49177,042-390-1190,http://www.city.higashimurayama.tokyo.jp/shisetsu/hoikuen/hoikushisetsu/aobasakurahoikuen/index.html
私立あいあい保育園,東村山市久米川町2-44-2,35.766438,139.481603,042-398-5131,http://www.city.higashimurayama.tokyo.jp/shisetsu/hoikuen/hoikushisetsu/aiaihoikuen/index.html
私立東村山むさしの保育園(東村山むさしの第二認定こども園),東村山市廻田町2-14-1,35.754575,139.44900900000002,042-394-4536,http://www.city.higashimurayama.tokyo.jp/shisetsu/hoikuen/hoikushisetsu/musashinohoikuen/index.html
いづみ愛児園,東村山市栄町1-37-28,35.751425,139.477836,042-395-0739,http://www.city.higashimurayama.tokyo.jp/shisetsu/hoikuen/hoikushisetsu/idumiaijien/index.html
空飛ぶ三輪車,東村山市野口町3-7-5,35.761932,139.45606,042-394-8971,http://www.city.higashimurayama.tokyo.jp/shisetsu/hoikuen/hoikushisetsu/soratobusanrinsya/index.html
空飛ぶ三輪車秋津保育所,東村山市秋津町4-30-3,35.777525,139.485901,042-395-8645,http://www.city.higashimurayama.tokyo.jp/shisetsu/hoikuen/hoikushisetsu/soratobu-akitsu/index.html
ソラスト東村山,東村山市野口町1-8-23,35.763388,139.464456,042-393-3161,http://www.city.higashimurayama.tokyo.jp/shisetsu/hoikuen/hoikushisetsu/sorasutohigashi/index.html
ひまわり保育室,東村山市青葉町2-22-5,35.763695,139.488813,080-2274-8580,http://www.city.higashimurayama.tokyo.jp/shisetsu/hoikuen/hoikushisetsu/himawarihoiku/index.html
幼児教室すずめ,東村山市本町2-22-3,35.759199,139.468989,042-395-7322,http://www.city.higashimurayama.tokyo.jp/shisetsu/hoikuen/hoikushisetsu/youji-suzume/index.html
ひまわりママ,東村山市青葉町2-22-5,35.763732,139.488845,080-2274-8580,http://www.city.higashimurayama.tokyo.jp/shisetsu/hoikuen/hoikushisetsu/himawarimama/index.html
認定こども園　秋津幼稚園,東村山市秋津町4-9-10,35.777353000000005,139.48449,042-391-5464,http://www.city.higashimurayama.tokyo.jp/shisetsu/hoikuen/hoikushisetsu/ninteiakitu/index.html
武蔵野台クラブ ,東京都福生市武蔵野台1-12-2,35.746790999999995,139.33393,042-551-6732,
たんぽぽクラブ,東京都福生市熊川559-1,35.724090000000004,139.337734,042-552-0717,
臨時第2たんぽぽクラブ,東京都福生市熊川623,35.72477985,139.33635433,042-553-9402,
熊川クラブ,東京都福生市熊川1143-1　都営熊川アパート23号棟1階,35.730164,139.341226,042-539-1587,
さくらクラブ,東京都福生市牛浜163,35.733801,139.337253,042-552-8255,
わかぎりクラブ,東京都福生市福生1280-1,35.746204999999996,139.320818,042-551-8165,
わかたけクラブ,東京都福生市熊川199-1,35.718125,139.335006,042-552-0445,
亀の子クラブ,東京都福生市加美平1-20-6,35.7504,139.325401,042-552-0446,
田園クラブ,東京都福生市南田園3-6-1,35.730086,139.33101499999998,042-553-3756,
臨時第2田園クラブ,東京都福生市北田園1-1-1,35.7324137,139.3274775,042-551-4690,
私立福生保育園,東京都福生市福生1058-11,35.7428,139.325508,042-551-0152,
私立熊川保育園,東京都福生市熊川 597-1,35.726407,139.337123,042-551-0632,
私立すみれ保育園,東京都福生市福生959-8,35.746520000000004,139.328531,042-513-3410,
私立わらべつくし保育園,東京都福生市南田園1-4-12,35.721078999999996,139.33053999999998,042-539-1551,
私立東福保育園,東京都福生市福生209,35.738845,139.334859,042-551-0734,
私立若葉保育園,東京都福生市熊川1430,35.726106,139.342143,042-551-2955,
私立加美平保育園,東京都福生市加美平4-1,35.753753,139.32626499999998,042-551-5491,
私立福生杉ノ子保育園,東京都福生市志茂47-3,35.735987,139.32943,042-551-9175,
私立杉ノ子第二保育園,東京都福生市南田園3-4-2,35.729240999999995,139.32963600000002,042-551-9305,
私立杉ノ子第三保育園,東京都福生市熊川373-1,35.721678999999995,139.336369,042-551-8446,
私立弥生保育園,東京都福生市加美平3-37-13,35.748771999999995,139.319076,042-552-1036,
私立福生本町保育園,東京都福生市福生2143-11,35.743089000000005,139.33263,042-551-5811,
牛浜こども園（認定こども園）,東京都福生市牛浜121-4,35.734995,139.334091,042-552-1693,
ありんこ保育園,東京都福生市加美平1-17-7,35.750211,139.327292,042-551-2032,
福生多摩幼稚園小規模保育園乳幼児部ひよこ（小規模保育事業）,東京都福生市本町22-3,35.739442,139.327921,042-513-0139,
ちゃいれっく福生駅前保育園（小規模保育事業）,東京都福生市東町4-8,35.74218,139.32816599999998,042-551-8823,
清瀬市立う梅園第1第2第3学童クラブ,東京都清瀬市梅園2-9-38,35.771999,139.505174,042-492-5606,
清瀬市立清明小第1第2学童クラブ,東京都清瀬市旭が丘2-8-1　,35.796884999999996,139.53999299999998,042-492-5602,
清瀬市立四小学童クラブ,東京都清瀬市中里2-1471,35.783235999999995,139.510435,042-492-3955,
清瀬市立八小第1第2学童クラブ,東京都清瀬市中清戸4-1070,35.787303,139.530847,042-492-5535,
清瀬市立竹丘第1第２学童クラブ,東京都清瀬市竹丘1-15-11,35.767616,139.511404,042-492-6767,
清瀬市立芝山小第1第2学童クラブ,東京都清瀬市元町2-16-8,35.775359,139.511204,042-491-0878,
清瀬市立清瀬小第1第2学童クラブ,東京都清瀬市中里5-741,35.785211,139.525606,042-493-5408,
清瀬市立三小第1第2学童クラブ,東京都清瀬市竹丘1-15-4,35.768568,139.509927,042-492-5622,
清瀬市立中清戸第1第2学童クラブ,東京都清瀬市中清戸1-556-1,35.775051,139.528458,042-493-3940,
清瀬市立十小学童クラブ,東京都中清戸1-454-14,35.775148,139.527536,042-493-4350,
清瀬市立第１保育園,東京都清瀬市松山3-1-73,35.76854,139.513793,042-491-0152,
清瀬市立第３保育園,東京都清瀬市旭が丘3-755-1,35.798149,139.539049,042-492-5600,
清瀬市立第７保育園,東京都清瀬市竹丘1-15-11,35.76747739,139.5114895,042-492-4616,
清瀬市立乳児保育園,東京都清瀬市梅園2-9-38,35.7723,139.505231,042-492-5603,
駅前乳児保育園,東京都清瀬市元町1-4-17,35.774459,139.520659,042-492-4185,
清瀬上宮保育園,東京都清瀬市竹丘3-8-1,35.766484999999996,139.502184,042-492-4015,
のしお保育園,東京都清瀬市野塩5-249,35.775625,139.49825800000002,042-493-4550,
中清戸保育園,東京都清瀬市下清戸1-21-3,35.7789537,139.53572419999998,042-494-1772,
すみれ保育園,東京都清瀬市中里3-1731-8,35.779377000000004,139.516684,042-493-0509,
すみれ保育園分園,東京都清瀬市松山2-2-15,35.76980066,139.5161346,042-495-4145,
きよせ保育園,東京都清瀬市上清戸2-5-40,35.779072,139.520273,042-491-1301,
きよせ保育園分園,東京都清瀬市上清戸2-6-6,35.78044708,139.5217755,042-497-3047,
せせらぎ保育園,東京都清瀬市中里1-1704,35.78171,139.51507800000002,042-497-9777,
"清瀬どろんこ
保育園",東京都清瀬市松山3-1-24,35.770975,139.510062,042-494-8166,
"のしお一丁目
保育園",東京都清瀬市野塩1-322-1,35.77911577,139.4999206,042-492-1411,
"メリーポピンズ
清瀬ルーム",東京都清瀬市松山1-40-2,35.76883172,139.5171004,042-497-1692,
"中里どろんこ
保育園",東京都清瀬市中里6-25-1,35.770975,139.510062,042-497-8718,
"認定こども園
ひかり",東京都清瀬市旭が丘2-5-3,35.795618499999996,139.5400653,042-491-2218,
ピッコロルーム,東京都清瀬市元町2-18-10,35.77591503,139.51263669999997,042-497-1234,
"ゆりかごファースト
スクール",東京都清瀬市元町1-8-35,35.7729873,139.5198868,042-496-0330,
ちゃいるど保育園,東京都清瀬市上清戸2-5-36,35.779519799999996,139.5198005,042-496-7788,
"あいあい
ちびっこルーム",東京都清瀬市竹丘3-2-61,35.769071000000004,139.5037031,042-497-2308,
なかよし保育園,東京都清瀬市竹丘3-1-1,35.76791273,139.50621840000002,042-491-3114,
さいかち学童クラブ（さいかち地区児童館内）,東京都武蔵村山市緑が丘１４６0,35.74377366,139.40575090000002,042-565-0758,
雷塚学童クラブ（雷塚小学校敷地内）,東京都武蔵村山市学園４‐６‐２,35.7462351,139.402201,042-564-1666,
大南学童クラブ（大南地区児童館）,東京都武蔵村山市大南５‐１‐６９,35.735664299999996,139.40589269999998,042-562-3242,
山王森学童クラブ（山王森児童館内）,東京都武蔵村山市三ツ藤３‐６‐１0,35.7557664,139.37182009999998,042-560-3037,
中藤学童クラブ（中藤地区児童館内）,東京都武蔵村山市中藤３‐１６,35.75694489999999,139.4005981,042-565-0111,
残堀・伊奈平学童クラブ第一・第二（残堀・伊奈平地区児童館内）,東京都武蔵村山市残堀１‐６0‐３,35.7462565,139.3751507,042-560-0770,
三ツ木学童クラブ（第二小学校内）,東京都武蔵村山市三ツ木２‐１２‐２,35.7577968,139.3738893,042-560-5198,
西大南学童クラブ第一・第二（第七小学校内）,東京都武蔵村山市大南２‐７８‐１,35.739899799999996,139.4017096,042-562-8761,
中原学童クラブ（第十小学校内）,東京都武蔵村山市残堀５‐１00‐１,35.7530166,139.36670680000003,042-560-0803,
学園学童クラブ（第九小学校内）,東京都武蔵村山市学園１‐８５‐１,35.7479708,139.3941767,042-567-0508,
本町学童クラブ（第一小学校内）,東京都武蔵村山市本町１‐１‐１１,35.7546976,139.3880798,042-561-7905,
市立つみき保育園,東京都武蔵村山市学園３‐１２‐１,35.7477322,139.40412859999998,042-563-3842,
あゆみ保育園,東京都武蔵村山市中藤５‐８‐１,35.75640070000001,139.4079641,042-564-9766,
育成会ひまわり保育園,東京都武蔵村山市大南３‐９４‐１,35.735283700000004,139.4035429,042-564-3544,
育成会めぐみ保育園,東京都武蔵村山市大南１‐３３‐３,35.741557799999995,139.39797380000002,042-565-3765,
きし保育園,東京都武蔵村山市岸１‐５‐１１,35.761557200000006,139.366726,042-560-9922,
聖光三ツ藤保育園,東京都武蔵村山市三ツ藤３‐３６‐１0,35.75483870000001,139.37172019999997,042-560-3564,
聖光緑が丘保育園,東京都武蔵村山市緑が丘１６１0,35.745399299999995,139.40801159999998,042-564-3965,
つむぎ保育園,東京都武蔵村山市伊奈平５‐６６,35.7385991,139.3741788,042-560-0088,
みらい保育園,東京都武蔵村山市大南１‐８‐１,35.742493700000004,139.3941518,042-562-3232,
まどか保育園,東京都武蔵村山市本町３‐４0‐３,35.7585553,139.3815219,042-560-1855,
ムサシ保育園,東京都武蔵村山市緑が丘１７３２‐１,35.7420525,139.40790900000002,042-561-3959,
村山中藤保育園「櫻」,東京都武蔵村山市中央１‐２８‐１,35.7532034,139.3899491,042-562-3141,
村山中藤保育園「白樺」,東京都武蔵村山市残堀４‐９0‐１,35.7495948,139.3673374,042-520-7151,
お伊勢の森児童館,東京都武蔵村山市中央２‐１１７‐１,35.750837100000005,139.39328500000002,042-564-5594,
中藤地区児童館,東京都武蔵村山市中藤３‐１６,35.75697596,139.4007701,042-565-0111,
大南地区児童館,東京都武蔵村山市大南５‐１‐６９,35.735664299999996,139.40589269999998,042-562-3242,
さいかち地区児童館,東京都武蔵村山市緑が丘１４６0,35.74377366,139.40575090000002,042-565-0758,
山王森児童館,東京都武蔵村山市三ツ藤３‐６‐１0,35.7557664,139.37182009999998,042-560-3037,
残堀・伊奈平地区児童館,東京都武蔵村山市残堀１‐６0‐３,35.7462565,139.3751507,042-560-0770,
大道児童遊園,東京都武蔵村山市岸１‐２0‐４,35.760535100000006,139.366226,,
岸三丁目児童遊園,東京都武蔵村山市岸３‐１２‐１９,35.76313991,139.37035649999999,,
中原一丁目児童遊園,東京都武蔵村山市中原１‐６‐２８,35.75813174,139.3660837,,
中原三丁目北児童遊園,東京都武蔵村山市中原３‐７‐１２,35.75956827,139.3610626,,
中原三丁目中央児童遊園,東京都武蔵村山市中原３‐２２‐６,35.75710438,139.3591207,,
中原三丁目南児童遊園,東京都武蔵村山市中原３‐２９‐２,35.75545449,139.35858430000002,,
中原経塚向児童遊園,東京都武蔵村山市中原３‐３0‐４９,35.7552107,139.3578225,,
中原児童遊園,東京都武蔵村山市中原２‐１0‐３１,35.75957263,139.36311719999998,,
伊奈平四丁目児童遊園,東京都武蔵村山市伊奈平４‐１８‐１,35.73770183,139.3767938,,
伊奈平五丁目児童遊園,東京都武蔵村山市伊奈平５‐８‐７,35.74173381,139.373205,,
伊奈平五丁目東児童遊園,東京都武蔵村山市伊奈平５‐８‐１９,35.74189708,139.3736073,,
伊奈平五丁目南児童遊園,東京都武蔵村山市伊奈平５‐１５‐８,35.74107416,139.3735456,,
宿児童遊園,東京都武蔵村山市三ツ木２‐９‐９,35.75868024,139.3730628,,
三ツ木一丁目児童遊園,東京都武蔵村山市三ツ木１‐２５‐９,35.75493862,139.3758684,,
残堀二丁目児童遊園,東京都武蔵村山市残堀２‐１４‐７,35.7458766,139.373323,,
残堀四丁目児童遊園,東京都武蔵村山市残堀４‐８0‐２１,35.74809921,139.3675375,,
残堀五丁目児童遊園,東京都武蔵村山市残堀５‐６２‐４６,35.75149287,139.370555,,
残堀児童遊園,東京都武蔵村山市残堀２‐２２‐２,35.74774438,139.37223669999997,,
馬場児童遊園,東京都武蔵村山市本町２‐３４‐１６,35.75693896,139.38244519999998,,
横田児童遊園,東京都武蔵村山市本町４‐４１‐５,35.7586443,139.3865826,,
神明児童遊園,東京都武蔵村山市神明２‐４８‐１７,35.75477754,139.4010061,,
中砂児童遊園,東京都武蔵村山市神明１‐１１,35.75208277,139.4014889,,
中藤一丁目児童遊園,東京都武蔵村山市中藤１‐１５‐１,35.75539354,139.39994130000002,,
向山児童遊園,東京都武蔵村山市神明２‐１１0‐１,35.75479278,139.4064993,,
アタゴ松児童遊園,東京都武蔵村山市三ツ藤１‐３0‐５,35.75249417,139.3780035,,
順礼塚児童遊園,東京都武蔵村山市三ツ藤１‐３１‐１,35.75264219,139.3776092,,
三ツ藤三丁目児童遊園,東京都武蔵村山市三ツ藤３‐２‐３0,35.75509316,139.3742645,,
三ツ藤三丁目東児童遊園,東京都武蔵村山市三ツ藤３‐５１‐２７,35.75375014,139.37375219999998,,
三ツ藤児童遊園,東京都武蔵村山市三ツ藤１‐３４‐１0,35.75134049,139.3774456,,
ハケ下児童遊園,東京都武蔵村山市三ツ藤３‐４６‐１６,35.75391775,139.37308969999998,,
学園一丁目児童遊園,東京都武蔵村山市学園１‐３６‐１,35.74804914,139.39191340000002,,
学園四丁目児童遊園,東京都武蔵村山市学園４‐２２‐２３,35.7438085,139.4010919,,
学園四丁目西児童遊園,東京都武蔵村山市学園４‐３‐２,35.74514515,139.39859750000002,,
学園四丁目東児童遊園,東京都武蔵村山市学園４‐３６‐６,35.74282720000001,139.40202340000002,,
学園児童遊園,東京都武蔵村山市学園１‐７0‐５,35.74652097,139.3948478,,
新海道児童遊園,東京都武蔵村山市榎２‐７７‐３,35.7418354,139.39204650000002,,
大南一丁目児童遊園,東京都武蔵村山市大南１‐４３‐３,35.7402357,139.3982321,,
大南一丁目中央児童遊園,東京都武蔵村山市大南１‐１１６‐９,35.738152500000005,139.39607080000002,,
大南一丁目中央北児童遊園,東京都武蔵村山市大南１‐１１７‐３７,35.73852261,139.39587769999997,,
大南一丁目南児童遊園,東京都武蔵村山市大南１‐１６５‐５0,35.7349085,139.3964356,,
大南三丁目児童遊園,東京都武蔵村山市大南３‐１１７‐３８,35.73415518,139.401108,,
大南四丁目児童遊園,東京都武蔵村山市大南４‐９‐１３,35.73378069,139.4077331,,
大南五丁目児童遊園,東京都武蔵村山市大南５‐５‐２３,35.73659583,139.409844,,
西大南児童遊園,東京都武蔵村山市大南３‐４‐１0,35.73727293,139.40090419999999,,
東大南児童遊園,東京都武蔵村山市大南４‐１３,35.7348061,139.40705369999998,,
東品川児童センター,東京都品川区東品川1-34-9,35.619107899999996,139.74594299999998,,
北品川児童センター,東京都品川区北品川2-7-21,35.6187796,139.7440035,,
南品川児童センター,東京都品川区南品川4-5-28,35.6134633,139.738709,,
小関児童センター,東京都品川区北品川5-8-15,35.619591899999996,139.7326959,,
三ツ木児童センター,東京都品川区西品川2-6-13,35.6139821,139.7262033,,
東五反田児童センター,東京都品川区東五反田5-24-1,35.6279641,139.72327719999998,,
中原児童センター,東京都品川区小山1-4-1,35.6218924,139.71237119999998,,
平塚児童センター,東京都品川区平塚2-2-3,35.618786,139.7173311,,
後地児童センター,東京都品川区小山2-9-19,35.620645399999994,139.70923100000002,,
中延児童センター,東京都品川区西中延1-6-16,35.6125593,139.7082896,,
旗の台児童センター,東京都品川区旗の台5-19-5(旗の台文化センター),35.603876299999996,139.7005187,,
西中延児童センター,東京都品川区西中延3-8-5,35.6072589,139.708224,,
東中延児童センター,東京都品川区東中延2-5-10,35.607731099999995,139.7138312,,
ゆたか児童センター,東京都品川区豊町1-18-15,35.6115951,139.7227015,,
南ゆたか児童センター,東京都品川区豊町4-17-21,35.6065187,139.7210417,,
大原児童センター,東京都品川区戸越6-16-1,35.6073586,139.71543469999997,,
冨士見台児童センター,東京都品川区西大井6-1-8,35.6012285,139.71419640000002,,
伊藤児童センター,東京都品川区西大井6-13-1,35.6006359,139.71761659999999,,
一本橋児童センター,東京都品川区大井2-25-1,35.604732299999995,139.7295497,,
大井倉田児童センター,東京都品川区大井4-11-34,35.6023198,139.7339205,,
滝王子児童センター,東京都品川区大井5-19-14,35.5981821,139.7289477,,
水神児童センター,東京都品川区南大井5-13-19,35.595477,139.7339834,,
南大井児童センター,東京都品川区南大井3-7-13(シルバーセンター・図書館),35.5915774,139.7343157,,
東大井児童センター,東京都品川区東大井1-22-16,35.603268799999995,139.7415195,,
八潮児童センター,東京都品川区八潮5-10-27(八潮地域センター),35.5999497,139.7515122,,
一本橋保育園,東京都品川区大井2-25-1,35.60461970000001,139.7296648,,
伊藤保育園,東京都品川区西大井6-13-1,35.600729799999996,139.7175919,,
荏原保育園,東京都品川区荏原2-16-18,35.6166852,139.7088707,,
荏原西保育園,東京都品川区荏原4-16-11,35.613929,139.70617180000002,,
大井保育園,東京都品川区東大井6-14-16,35.600941999999996,139.73525580000003,,
大井倉田保育園,東京都品川区大井4-11-8,35.6023122,139.7341259,,
大崎保育園,東京都品川区大崎5-2-1,35.621941799999995,139.72638669999998,,
北品川保育園,東京都品川区北品川2-7-21,35.6187098,139.7439522,,
源氏前保育園,東京都品川区中延4-14-19,35.6055339,139.70998830000002,,
五反田保育園,東京都品川区東五反田2-15-6,35.6218429,139.72953930000003,,
小山台保育園,東京都品川区小山台1-3-8,35.625058100000004,139.70681130000003,,
品川保育園,東京都品川区東大井5-8-12,35.6075152,139.7378292,,
清水台保育園,東京都品川区荏原7-8-3,35.61182720000001,139.7013761,,
水神保育園,東京都品川区南大井6-2-15,35.59283610000001,139.7329006,,
滝王子保育園,東京都品川区大井5-18-1,35.5981093,139.7277129,,
中原保育園,東京都品川区小山1-4-1,35.6221109,139.7126127,,
中延保育園,東京都品川区西中延1-6-16,35.6125102,139.70843490000001,,
西大井保育園,東京都品川区西大井1-1-1,35.6010194,139.7216362,,
西五反田保育園,東京都品川区西五反田3-9-10,35.6265224,139.71687219999998,,
西品川保育園,東京都品川区西品川3-16-35,35.615022100000004,139.7261814,,
西中延保育園,東京都品川区西中延3-8-5,35.607308,139.70811719999998,,
旗の台保育園,東京都品川区旗の台5-19-5,35.6037688,139.70038200000002,,
東大井保育園,東京都品川区東大井1-22-16,35.6032911,139.74141,,
東五反田保育園,東京都品川区東五反田5-24-1,35.6279857,139.72335880000003,,
東品川保育園,東京都品川区東品川1-34-9,35.6191527,139.7460771,,
東中延保育園,東京都品川区東中延2-5-10,35.607833899999996,139.7138475,,
平塚保育園,東京都品川区平塚2-2-3,35.618803899999996,139.7174542,,
冨士見台保育園,東京都品川区西大井6-1-15,35.6013287,139.71424430000002,,
二葉保育園,東京都品川区二葉1-4-25,35.6080266,139.7267273,,
二葉つぼみ保育園,東京都品川区二葉1-3-24二葉幼稚園,35.606291,139.72554580000002,,
南大井保育園,東京都品川区南大井3-7-4,35.591801399999994,139.7344216,,
三ツ木保育園,東京都品川区西品川1-9-18,35.613130299999995,139.72971030000002,,
南ゆたか保育園,東京都品川区豊町4-17-21,35.6065364,139.72092659999998,,
八潮北保育園,東京都品川区八潮5-1-3,35.604693299999994,139.75313789999998,,
八潮西保育園,東京都品川区八潮5-4-16,35.601683,139.7512726,,
八潮南保育園,東京都品川区八潮5-8-41,35.5966055,139.75205559999998,,
八ッ山保育園,東京都品川区東品川1-2-15,35.6229761,139.7435605,,
ゆたか保育園,東京都品川区豊町1-18-15,35.6115361,139.7227398,,
ぷりすくーる西五反田,東京都品川区西五反田3-9-9,35.6265987,139.7167903,,
石井保育園,東京都品川区小山2-6-15,35.6210321,139.70728689999999,,
宝保育園,東京都品川区西五反田4-12-13,35.6263924,139.71059590000002,,
戸越ひまわり保育園,東京都品川区戸越6-16-14,35.6073632,139.715385,,
どんぐり保育園（本園）,東京都品川区南品川2-9-13,35.6141735,139.742816,,
日本音楽学校保育園,東京都品川区豊町2-16-12,35.609706200000005,139.7253813,,
東戸越保育園,東京都品川区戸越4-1-10,35.612297600000005,139.71780159999997,,
緑の家保育園,東京都品川区大井7-4-18,35.59628970000001,139.7293325,,
八潮中央保育園,東京都品川区八潮5-10-60101,35.59952620000001,139.7511887,,
品川小学校,東京都品川区北品川3-9-30,35.617746399999994,139.73783369999998,,
城南小学校,東京都品川区南品川2-8-21,35.613173700000004,139.7427322,,
浅間台小学校,東京都品川区南品川6-8-8,35.611480900000004,139.736532,,
三木小学校,東京都品川区西品川3-16-28,35.6152914,139.7268158,,
城南第二小学校,東京都品川区東品川3-4-5,35.6156597,139.7461815,,
芳水小学校,東京都品川区大崎3-12-22,35.619086200000005,139.7248065,,
第三日野小学校,東京都品川区上大崎1-19-19,35.632680799999996,139.7242124,,
第四日野小学校,東京都品川区西五反田4-29-9,35.625656299999996,139.7125064,,
大井第一小学校,東京都品川区大井6-1-32,35.5985369,139.73128480000003,,
鮫浜小学校,東京都品川区東大井2-10-14,35.6014717,139.7406887,,
山中小学校,東京都品川区大井3-7-19,35.6030627,139.73002649999998,,
立会小学校,東京都品川区東大井4-15-9,35.604462,139.7398886,,
浜川小学校,東京都品川区南大井4-3-27,35.598232,139.7358644,,
伊藤小学校,東京都品川区西大井5-6-8,35.598671,139.7170305,,
鈴ヶ森小学校,東京都品川区南大井4-16-2,35.5942592,139.7352088,,
台場小学校,東京都品川区東品川1-8-30,35.6210266,139.7437964,,
京陽小学校,東京都品川区平塚2-19-20,35.614995,139.7131309,,
延山小学校,東京都品川区西中延2-17-5,35.6090273,139.7081212,,
中延小学校,東京都品川区中延1-11-15,35.6125373,139.709408,,
小山小学校,東京都品川区小山5-10-6,35.616172600000006,139.70312769999998,,
大原小学校,東京都品川区戸越6-17-3,35.6071632,139.7161396,,
宮前小学校,東京都品川区戸越4-5-10,35.612102,139.7187181,,
源氏前小学校,東京都品川区中延6-2-18,35.6032512,139.7117335,,
第二延山小学校,東京都品川区旗の台1-6-1,35.610028,139.7034064,,
後地小学校,東京都品川区小山2-4-6,35.621587100000006,139.70853300000002,,
戸越小学校,東京都品川区豊町2-1-20,35.611115600000005,139.7213296,,
旗台小学校,東京都品川区旗の台4-7-11,35.6033361,139.70416310000002,,
上神明小学校,東京都品川区二葉4-4-10,35.6029975,139.7152969,,
清水台小学校,東京都品川区旗の台1-11-17,35.6073938,139.7026372,,
小山台小学校,東京都品川区小山台1-18-24,35.6228576,139.7032153,,
私立明晴学園,東京都品川区八潮5-2-1,35.6040863,139.75331880000002,,
八潮学園,東京都品川区八潮5-9-11,35.601056899999996,139.7514686,,
東海中学校,東京都品川区東品川3-30-15,35.6124592,139.7492204,,
大崎中学校,東京都品川区西品川3-10-6,35.615534999999994,139.7227275,,
浜川中学校,東京都品川区東大井3-18-34,35.6002177,139.7382919,,
伊藤学園,東京都品川区大井5-1-37,35.6000568,139.7262013,,
鈴ヶ森中学校,東京都品川区南大井2-3-14,35.5928575,139.7378643,,
冨士見台中学校,東京都品川区西大井5-5-14,35.5982989,139.71543480000003,,
荏原第一中学校,東京都品川区荏原1-24-30,35.6194505,139.7128405,,
荏原第五中学校,東京都品川区旗の台5-11-13,35.6033054,139.7019616,,
荏原第六中学校,東京都品川区小山5-20-19,35.616431,139.69993799999997,,
戸越台中学校,東京都品川区戸越1-15-23,35.615527,139.7176744,,
小野学園女子中学校,東京都品川区西大井1-6-13,35.6020717,139.7266527,,
攻玉社中学校,東京都品川区西五反田5-14-2,35.6245611,139.7137118,,
香蘭女学校中学校,東京都品川区旗の台6-22-21,35.6068762,139.70146330000003,,
品川女子学院中等部,東京都品川区北品川3-3-12,35.62096029999999,139.73929760000001,,
青稜中学校,東京都品川区二葉1-6-6,35.608874799999995,139.7280635,,
文教大学付属中学校,東京都品川区旗の台3-2-17,35.6056763,139.706368,,
小野学園女子,東京都品川区西大井1-6-13,35.602174600000005,139.7267649,,
攻玉社高校,東京都品川区西五反田5-14-2,35.6244536,139.7135723,,
香蘭女学校,東京都品川区旗の台6-22-21,35.6069657,139.7016,,
品川女子学院高等部,東京都品川区北品川3-3-12,35.620888799999996,139.7393826,,
青稜高等学校,東京都品川区二葉1-6-6,35.6089285,139.72819209999997,,
朋優学院高等学校,東京都品川区西大井6-1-23,35.600539500000004,139.7145372,,
日本音楽高等学校,東京都品川区豊町2-16-12,35.610194799999995,139.72528359999998,,
文教大学付属高等学校,東京都品川区旗の台3-2-17,35.605618299999996,139.70650769999997,,
品川エトワール女子,東京都品川区南品川5-12-4,35.6086771,139.74064860000001,,
攻玉社工科短期大学,東京都品川区西五反田5-14-2,35.6243554,139.7137121,,
杉野服飾大学,東京都品川区上大崎4-6-19,35.6316214,139.71587340000002,,
星薬科大学,東京都品川区荏原2-4-41,35.619316,139.7113764,,
清泉女子大学,東京都品川区東五反田3-16-21,35.6272085,139.7284441,,
昭和大学,東京都品川区旗の台1-5-8,35.6085581,139.70352250000002,,
城南幼稚園,東京都品川区南品川2-8-21,35.6133692,139.7427552,,
平塚幼稚園,東京都品川区荏原4-5-22,35.6158881,139.7078361,,
浜川幼稚園,東京都品川区南大井4-3-14,35.597702000000005,139.736164,,
北品川第二保育園,東京都品川区北品川3-7-43,35.6180915,139.7391006,,
伊藤幼稚園,東京都品川区西大井5-22-8,35.5980921,139.71696730000002,,
第一日野幼稚園・西五反田第二保育園,東京都品川区西五反田6-6-6,35.6223713,139.7164903,,
台場幼稚園・台場保育園,東京都品川区東品川1-8-30,35.621348499999996,139.7437159,,
二葉幼稚園・二葉つぼみ保育園,東京都品川区二葉1-3-24,35.606384999999996,139.72561969999998,,
八潮わかば幼稚園,東京都品川区八潮5-6-32,35.5965468,139.7497629,,
日本高等洋裁学院,東京都品川区西大井1-6-13,35.6025545,139.72629640000002,,
池見東京歯科衛生士専門学校,東京都品川区東大井3-5-6,35.60325170000001,139.7391826,,
池見東京医療専門学校,東京都品川区東大井4-12-10,35.605668900000005,139.73899730000002,,
荏原医師会立看護高等専修学校,東京都品川区中延1-7-12,35.6117467,139.71246230000003,,
グリーン外語専門学校,東京都品川区西五反田2-24-11,35.625924499999996,139.7192728,,
攻玉社専門学校,東京都品川区西五反田5-14-2,35.6244629,139.7138571,,
品川ファッションビジネス専門学校,東京都品川区中延5-15-9,35.6011815,139.7097994,,
昭和大学医学部附属看護専門学校,東京都品川区旗の台1-5-8,35.6086714,139.7035962,,
新東京歯科衛生士学校,東京都品川区南大井4-20-2,35.5928794,139.7358071,,
新東京歯科技工士学校,東京都品川区南大井4-20-2,35.592982299999996,139.7358589,,
東京健康科学専門学校,東京都品川区南品川6-10-5,35.609776700000005,139.736257,,
東京工科専門学校品川校,東京都品川区南品川3-7-12,35.6069344,139.74480590000002,,
東京歯科技工専門学校,東京都品川区西五反田5-1-10,35.6259574,139.7152128,,
東京聖星社会福祉専門学校,東京都品川区豊町2-16-12,35.6101723,139.7251605,,
東京マックス美容専門学校,東京都品川区大井1-48-11,35.6054187,139.7329976,,
ドレスメーカー学院,東京都品川区上大崎4-6-19,35.6315141,139.7159311,,
日本音楽学校,東京都品川区豊町2-16-12,35.610163299999996,139.7250318,,
宮川文化服装専門学校,東京都品川区大崎4-5-20,35.620149700000006,139.7225267,,
大崎高等学校,東京都品川区豊町2-1-7,35.609710299999996,139.7211044,,
小山台高等学校,東京都品川区小山3-3-32,35.621262200000004,139.70352150000002,,
八潮高等学校,東京都品川区東品川3-27-22,35.6117053,139.74629319999997,,
都立産業技術高等専門学校,東京都品川区東大井1-10-40,35.6057885,139.7479522,,
都立品川特別支援学校,東京都品川区南品川6-15-20,35.609522399999996,139.73793419999998,,
立正大学,東京都品川区大崎4-2-16,35.620481,139.72369890000002,,
あけぼの幼稚園,東京都品川区大井5丁目10-12,35.5982939,139.7304922,,
アライアンス幼稚園,東京都品川区小山4丁目4-13,35.6182539,139.7039279,,
荏原学園旭幼稚園,東京都品川区中延5丁目6-18,35.603116799999995,139.7082701,,
エトワール幼稚園,東京都品川区南品川5丁目12-4,35.608436100000006,139.7401278,,
大井うさぎ幼稚園,東京都品川区大井7丁目1-5,35.5974138,139.72545280000003,,
大崎幼稚園,東京都品川区大崎3丁目11-1,35.6193824,139.7235612,,
亀田幼稚園,東京都品川区中延6丁目1-3,35.6040057,139.7102707,,
品川教会附属幼稚園,東京都品川区北品川4丁目7-40,35.6226554,139.73718689999998,,
鈴ヶ森めばえ幼稚園,東京都品川区南大井2丁目4-1,35.59330679999999,139.736849,,
専修幼稚園,東京都品川区西五反田6丁目11-5,35.620841,139.71776359999998,,
洗足うさぎ幼稚園,東京都品川区荏原7丁目18-15,35.6098117,139.6987106,,
戸越幼稚園,東京都品川区戸越1丁目21-15,35.614954700000006,139.72132050000002,,
帝京にしき幼稚園,東京都品川区旗の台6丁目5-30,35.6086499,139.7005555,,
日本音楽学校付属幼稚園,東京都品川区豊町2丁目16-12,35.6099424,139.72537230000003,,
ひまわり幼稚園,東京都品川区小山6丁目10-11,35.613623499999996,139.6978825,,
文教大学附属幼稚園,東京都品川区旗の台3丁目2-17,35.605180499999996,139.70604719999997,,
八潮幼稚園,東京都品川区東品川3丁目24-8,35.612324900000004,139.7458315,,
日野学園,東京都品川区東五反田2-11-1,35.6245725,139.7282104,,
日本書道専門学校,東京都品川区上大崎2-19-6,35.6368467,139.71464459999999,,
品川児童学園子ども発達相談室,東京都品川区南品川3-7-7,35.6073182,139.7450534,,
マイスクール八潮,東京都品川区八潮5-2-1,35.604090899999996,139.7534392,,
第一日野小学校,東京都品川区西五反田6-5-32,35.622386600000006,139.7162216,,
教育センター,東京都品川区西五反田6-5-1,35.6225179,139.7166197,,
西五反田第二保育園,東京都品川区西五反田6-5-6,35.6223588,139.71674119999997,,
荏原平塚学園,東京都品川区平塚3-16-26,35.615751,139.7099159,,
産業技術大学院大学,東京都品川区東大井1-10-40,35.6071249,139.7491044,,
品川学園,東京都品川区北品川3-9-30,35.6181701,139.73846630000003,,
アートチャイルドケア目黒,東京都品川区上大崎2-10-33,35.6353874,139.71706919999997,,
アスク不動前保育園,東京都品川区西五反田4-1-10,35.6280393,139.7121873,,
こぐま保育園,東京都品川区旗の台2-7-17,35.6062879,139.704143,,
こっこる,東京都品川区西五反田2-10-8,35.6270479,139.7208405,,
さくら大崎保育園,東京都品川区大崎2-9-4,35.6166532,139.72775280000002,,
しながわがくどうえん,東京都品川区戸越1-21-14,35.6151784,139.7214889,,
小学館アカデミーアトレ大井町,東京都品川区大井1-1-1,35.607654700000005,139.73468180000003,,
小学館アカデミーおおさき駅前,東京都品川区大崎1-2-3,35.6228732,139.7268218,,
小学館アカデミーむさしこやま,東京都品川区小山3-27-5,35.6197237,139.70329850000002,,
たんぽぽ保育所東大井園,東京都品川区東大井2-12-18,35.6021512,139.7400291,,
TKチルドレンズファーム上大崎,東京都品川区上大崎3-14-35,35.6293901,139.7197374,,
TKチルドレンズファーム東大井,東京都品川区東大井3-18-13,35.5994747,139.7383127,,
パレット保育園不動前,東京都品川区西五反田5-12-1,35.6256268,139.7137496,,
ひよこの家保育園,東京都品川区大崎4-6-3,35.619615100000004,139.72330359999998,,
ポピンズ東五反田,東京都品川区東五反田2-10-1,35.6239195,139.7268672,,
ポピンズ東品川,東京都品川区東品川4-12-12,35.60753,139.74892830000002,,
めだか保育園,東京都品川区東大井3-22-2,35.5999831,139.73594219999998,,
ゆらりん東品川保育園,東京都品川区東品川3-7-11,35.6162943,139.7474503,,
ルーチェ保育園南品川,東京都品川区南品川2-4-7,35.610647799999995,139.74246509999998,,
アスク南大井,東京都品川区南大井6-22-7,35.58918679999999,139.7321784,,
大井町のぞみ,東京都品川区二葉1-12-18,35.6068475,139.7268257,,
キッズタウンにしおおい,東京都品川区西大井2-5-21,35.5993503,139.7216212,,
グローバルキッズ荏原町,東京都品川区中延5-2-1,35.6037659,139.7073356,,
グローバルキッズ戸越園,東京都品川区戸越5-14-23,35.6105561,139.71519130000001,,
とうかいどう,東京都品川区南品川1-2-11,35.61621029999999,139.7432569,,
にじいろ保育園大崎,東京都品川区大崎5-4-3,35.6231529,139.7252136,,
まなびの森保育園大崎広小路,東京都品川区西五反田1-21-8,35.6229228,139.723535,,
みずなら,東京都品川区東品川3-21-10,35.6132438,139.74737480000002,,
みどりの丘,東京都品川区西大井4-19-11,35.5939552,139.7191813,,
都立品川特別支援学校,東京都品川区南品川6-15-20,35.6094196,139.73798090000003,,
あいのもり,東京都品川区大井1-16-2,35.607628999999996,139.73019399999998,,
うみのくに保育園とごし,東京都品川区戸越1-19-18,35.6147529,139.7200975,,
アンジェリカはまかわ,東京都品川区東大井3-18-2,35.6006171,139.7385083,,
グローバルキッズ大崎園,東京都品川区北品川5-9-15,35.6188099,139.73440559999997,,
ココファン・ナーサリー大崎,東京都品川区大崎3-6-31,35.620324700000005,139.7265176,,
ベネッセ大崎広小路保育園,東京都品川区大崎4-1-2,35.622576200000005,139.72286110000002,,
荏原西第二保育園,東京都品川区荏原4-5-22,35.6150701,139.7076753,,
小野学園幼稚園,東京都品川区西大井1-6-13,35.6023399,139.7265283,,
BunBu学院Jr 戸越園,東京都東京都品川区戸越5-4-3,35.6107691,139.7173215,,
グローバルキッズ中延園,東京都品川区中延4-5-7,35.6055157,139.7126809,,
ポピンズナーサリースクール西五反田,東京都品川区西五反田8-10-8,35.6195857,139.71950139999998,,
アンジェリカ東品川保育園,東京都品川区東品川4-8-8,35.609439200000004,139.745853,,
大崎ひまわり保育園,東京都品川区大崎3-1-9,35.6211136,139.7247181,,
グローバルキッズ西大井園,東京都品川区西大井6-6-2,35.6013955,139.7199764,,
ウィズブック保育園天王洲,東品川2-5-5　ハーバーワンビル1階,35.621161,139.7494102,,
ココファン・ナーサリー旗の台,東京都品川区旗の台3-7-2,35.6041741,139.7068953,,
太陽の子南品川保育園,東京都品川区南品川5-3-10,35.6117375,139.7417038,,
豊葉の杜学園,東京都品川区二葉1-3-40,35.607352299999995,139.72549909999998,,
御殿山幼稚園・五反田第二保育園,東京都品川区北品川5-3-1,35.6227972,139.7317407,,
キッズガーデン品川上大崎,東京都品川区上大崎4-5-37,35.628411,139.71568190000002,,
学研こども園,東京都品川区西五反田2-11-8,35.627267100000005,139.7203377,,
御殿山小学校,東京都品川区北品川5-2-6,35.623348299999996,139.7322907,,
